startDateTime,endDateTime,windSpeedMean,windSpeedMinimum,windSpeedMaximum,windSpeedVariance,windSpeedNumPts,windSpeedExpUncert,windSpeedStdErMean,windSpeedFinalQF,windDirMean,windDirVariance,windDirNumPts,windDirExpUncert,windDirStdErMean,windDirFinalQF
"2020-07-01T00:00:00Z","2020-07-01T00:30:00Z",,,,,,,,1,,,,,,1
"2020-07-01T00:30:00Z","2020-07-01T01:00:00Z",,,,,,,,1,,,,,,1
"2020-07-01T01:00:00Z","2020-07-01T01:30:00Z",,,,,,,,1,,,,,,1
"2020-07-01T01:30:00Z","2020-07-01T02:00:00Z",,,,,,,,1,,,,,,1
"2020-07-01T02:00:00Z","2020-07-01T02:30:00Z",,,,,,,,1,,,,,,1
"2020-07-01T02:30:00Z","2020-07-01T03:00:00Z",,,,,,,,1,,,,,,1
"2020-07-01T03:00:00Z","2020-07-01T03:30:00Z",,,,,,,,1,,,,,,1
"2020-07-01T03:30:00Z","2020-07-01T04:00:00Z",,,,,,,,1,,,,,,1
"2020-07-01T04:00:00Z","2020-07-01T04:30:00Z",,,,,,,,1,,,,,,1
"2020-07-01T04:30:00Z","2020-07-01T05:00:00Z",,,,,,,,1,,,,,,1
"2020-07-01T05:00:00Z","2020-07-01T05:30:00Z",,,,,,,,1,,,,,,1
"2020-07-01T05:30:00Z","2020-07-01T06:00:00Z",,,,,,,,1,,,,,,1
"2020-07-01T06:00:00Z","2020-07-01T06:30:00Z",,,,,,,,1,,,,,,1
"2020-07-01T06:30:00Z","2020-07-01T07:00:00Z",,,,,,,,1,,,,,,1
"2020-07-01T07:00:00Z","2020-07-01T07:30:00Z",,,,,,,,1,,,,,,1
"2020-07-01T07:30:00Z","2020-07-01T08:00:00Z",,,,,,,,1,,,,,,1
"2020-07-01T08:00:00Z","2020-07-01T08:30:00Z",,,,,,,,1,,,,,,1
"2020-07-01T08:30:00Z","2020-07-01T09:00:00Z",,,,,,,,1,,,,,,1
"2020-07-01T09:00:00Z","2020-07-01T09:30:00Z",,,,,,,,1,,,,,,1
"2020-07-01T09:30:00Z","2020-07-01T10:00:00Z",,,,,,,,1,,,,,,1
"2020-07-01T10:00:00Z","2020-07-01T10:30:00Z",,,,,,,,1,,,,,,1
"2020-07-01T10:30:00Z","2020-07-01T11:00:00Z",,,,,,,,1,,,,,,1
"2020-07-01T11:00:00Z","2020-07-01T11:30:00Z",,,,,,,,1,,,,,,1
"2020-07-01T11:30:00Z","2020-07-01T12:00:00Z",,,,,,,,1,,,,,,1
"2020-07-01T12:00:00Z","2020-07-01T12:30:00Z",,,,,,,,1,,,,,,1
"2020-07-01T12:30:00Z","2020-07-01T13:00:00Z",,,,,,,,1,,,,,,1
"2020-07-01T13:00:00Z","2020-07-01T13:30:00Z",,,,,,,,1,,,,,,1
"2020-07-01T13:30:00Z","2020-07-01T14:00:00Z",,,,,,,,1,,,,,,1
"2020-07-01T14:00:00Z","2020-07-01T14:30:00Z",,,,,,,,1,,,,,,1
"2020-07-01T14:30:00Z","2020-07-01T15:00:00Z",,,,,,,,1,,,,,,1
"2020-07-01T15:00:00Z","2020-07-01T15:30:00Z",,,,,,,,1,,,,,,1
"2020-07-01T15:30:00Z","2020-07-01T16:00:00Z",,,,,,,,1,,,,,,1
"2020-07-01T16:00:00Z","2020-07-01T16:30:00Z",,,,,,,,1,,,,,,1
"2020-07-01T16:30:00Z","2020-07-01T17:00:00Z",,,,,,,,1,,,,,,1
"2020-07-01T17:00:00Z","2020-07-01T17:30:00Z",,,,,,,,1,,,,,,1
"2020-07-01T17:30:00Z","2020-07-01T18:00:00Z",,,,,,,,1,,,,,,1
"2020-07-01T18:00:00Z","2020-07-01T18:30:00Z",,,,,,,,1,,,,,,1
"2020-07-01T18:30:00Z","2020-07-01T19:00:00Z",,,,,,,,1,,,,,,1
"2020-07-01T19:00:00Z","2020-07-01T19:30:00Z",,,,,,,,1,,,,,,1
"2020-07-01T19:30:00Z","2020-07-01T20:00:00Z",,,,,,,,1,,,,,,1
"2020-07-01T20:00:00Z","2020-07-01T20:30:00Z",,,,,,,,1,,,,,,1
"2020-07-01T20:30:00Z","2020-07-01T21:00:00Z",,,,,,,,1,,,,,,1
"2020-07-01T21:00:00Z","2020-07-01T21:30:00Z",,,,,,,,1,,,,,,1
"2020-07-01T21:30:00Z","2020-07-01T22:00:00Z",,,,,,,,1,,,,,,1
"2020-07-01T22:00:00Z","2020-07-01T22:30:00Z",,,,,,,,1,,,,,,1
"2020-07-01T22:30:00Z","2020-07-01T23:00:00Z",,,,,,,,1,,,,,,1
"2020-07-01T23:00:00Z","2020-07-01T23:30:00Z",,,,,,,,1,,,,,,1
"2020-07-01T23:30:00Z","2020-07-02T00:00:00Z",,,,,,,,1,,,,,,1
"2020-07-02T00:00:00Z","2020-07-02T00:30:00Z",,,,,,,,1,,,,,,1
"2020-07-02T00:30:00Z","2020-07-02T01:00:00Z",,,,,,,,1,,,,,,1
"2020-07-02T01:00:00Z","2020-07-02T01:30:00Z",,,,,,,,1,,,,,,1
"2020-07-02T01:30:00Z","2020-07-02T02:00:00Z",,,,,,,,1,,,,,,1
"2020-07-02T02:00:00Z","2020-07-02T02:30:00Z",,,,,,,,1,,,,,,1
"2020-07-02T02:30:00Z","2020-07-02T03:00:00Z",,,,,,,,1,,,,,,1
"2020-07-02T03:00:00Z","2020-07-02T03:30:00Z",,,,,,,,1,,,,,,1
"2020-07-02T03:30:00Z","2020-07-02T04:00:00Z",,,,,,,,1,,,,,,1
"2020-07-02T04:00:00Z","2020-07-02T04:30:00Z",,,,,,,,1,,,,,,1
"2020-07-02T04:30:00Z","2020-07-02T05:00:00Z",,,,,,,,1,,,,,,1
"2020-07-02T05:00:00Z","2020-07-02T05:30:00Z",,,,,,,,1,,,,,,1
"2020-07-02T05:30:00Z","2020-07-02T06:00:00Z",,,,,,,,1,,,,,,1
"2020-07-02T06:00:00Z","2020-07-02T06:30:00Z",,,,,,,,1,,,,,,1
"2020-07-02T06:30:00Z","2020-07-02T07:00:00Z",,,,,,,,1,,,,,,1
"2020-07-02T07:00:00Z","2020-07-02T07:30:00Z",,,,,,,,1,,,,,,1
"2020-07-02T07:30:00Z","2020-07-02T08:00:00Z",,,,,,,,1,,,,,,1
"2020-07-02T08:00:00Z","2020-07-02T08:30:00Z",,,,,,,,1,,,,,,1
"2020-07-02T08:30:00Z","2020-07-02T09:00:00Z",,,,,,,,1,,,,,,1
"2020-07-02T09:00:00Z","2020-07-02T09:30:00Z",,,,,,,,1,,,,,,1
"2020-07-02T09:30:00Z","2020-07-02T10:00:00Z",,,,,,,,1,,,,,,1
"2020-07-02T10:00:00Z","2020-07-02T10:30:00Z",,,,,,,,1,,,,,,1
"2020-07-02T10:30:00Z","2020-07-02T11:00:00Z",,,,,,,,1,,,,,,1
"2020-07-02T11:00:00Z","2020-07-02T11:30:00Z",,,,,,,,1,,,,,,1
"2020-07-02T11:30:00Z","2020-07-02T12:00:00Z",,,,,,,,1,,,,,,1
"2020-07-02T12:00:00Z","2020-07-02T12:30:00Z",,,,,,,,1,,,,,,1
"2020-07-02T12:30:00Z","2020-07-02T13:00:00Z",,,,,,,,1,,,,,,1
"2020-07-02T13:00:00Z","2020-07-02T13:30:00Z",,,,,,,,1,,,,,,1
"2020-07-02T13:30:00Z","2020-07-02T14:00:00Z",,,,,,,,1,,,,,,1
"2020-07-02T14:00:00Z","2020-07-02T14:30:00Z",,,,,,,,1,,,,,,1
"2020-07-02T14:30:00Z","2020-07-02T15:00:00Z",,,,,,,,1,,,,,,1
"2020-07-02T15:00:00Z","2020-07-02T15:30:00Z",,,,,,,,1,,,,,,1
"2020-07-02T15:30:00Z","2020-07-02T16:00:00Z",,,,,,,,1,,,,,,1
"2020-07-02T16:00:00Z","2020-07-02T16:30:00Z",,,,,,,,1,,,,,,1
"2020-07-02T16:30:00Z","2020-07-02T17:00:00Z",,,,,,,,1,,,,,,1
"2020-07-02T17:00:00Z","2020-07-02T17:30:00Z",,,,,,,,1,,,,,,1
"2020-07-02T17:30:00Z","2020-07-02T18:00:00Z",,,,,,,,1,,,,,,1
"2020-07-02T18:00:00Z","2020-07-02T18:30:00Z",,,,,,,,1,,,,,,1
"2020-07-02T18:30:00Z","2020-07-02T19:00:00Z",,,,,,,,1,,,,,,1
"2020-07-02T19:00:00Z","2020-07-02T19:30:00Z",,,,,,,,1,,,,,,1
"2020-07-02T19:30:00Z","2020-07-02T20:00:00Z",,,,,,,,1,,,,,,1
"2020-07-02T20:00:00Z","2020-07-02T20:30:00Z",,,,,,,,1,,,,,,1
"2020-07-02T20:30:00Z","2020-07-02T21:00:00Z",,,,,,,,1,,,,,,1
"2020-07-02T21:00:00Z","2020-07-02T21:30:00Z",,,,,,,,1,,,,,,1
"2020-07-02T21:30:00Z","2020-07-02T22:00:00Z",,,,,,,,1,,,,,,1
"2020-07-02T22:00:00Z","2020-07-02T22:30:00Z",,,,,,,,1,,,,,,1
"2020-07-02T22:30:00Z","2020-07-02T23:00:00Z",,,,,,,,1,,,,,,1
"2020-07-02T23:00:00Z","2020-07-02T23:30:00Z",,,,,,,,1,,,,,,1
"2020-07-02T23:30:00Z","2020-07-03T00:00:00Z",,,,,,,,1,,,,,,1
"2020-07-03T00:00:00Z","2020-07-03T00:30:00Z",,,,,,,,1,,,,,,1
"2020-07-03T00:30:00Z","2020-07-03T01:00:00Z",,,,,,,,1,,,,,,1
"2020-07-03T01:00:00Z","2020-07-03T01:30:00Z",,,,,,,,1,,,,,,1
"2020-07-03T01:30:00Z","2020-07-03T02:00:00Z",,,,,,,,1,,,,,,1
"2020-07-03T02:00:00Z","2020-07-03T02:30:00Z",,,,,,,,1,,,,,,1
"2020-07-03T02:30:00Z","2020-07-03T03:00:00Z",,,,,,,,1,,,,,,1
"2020-07-03T03:00:00Z","2020-07-03T03:30:00Z",,,,,,,,1,,,,,,1
"2020-07-03T03:30:00Z","2020-07-03T04:00:00Z",,,,,,,,1,,,,,,1
"2020-07-03T04:00:00Z","2020-07-03T04:30:00Z",,,,,,,,1,,,,,,1
"2020-07-03T04:30:00Z","2020-07-03T05:00:00Z",,,,,,,,1,,,,,,1
"2020-07-03T05:00:00Z","2020-07-03T05:30:00Z",,,,,,,,1,,,,,,1
"2020-07-03T05:30:00Z","2020-07-03T06:00:00Z",,,,,,,,1,,,,,,1
"2020-07-03T06:00:00Z","2020-07-03T06:30:00Z",,,,,,,,1,,,,,,1
"2020-07-03T06:30:00Z","2020-07-03T07:00:00Z",,,,,,,,1,,,,,,1
"2020-07-03T07:00:00Z","2020-07-03T07:30:00Z",,,,,,,,1,,,,,,1
"2020-07-03T07:30:00Z","2020-07-03T08:00:00Z",,,,,,,,1,,,,,,1
"2020-07-03T08:00:00Z","2020-07-03T08:30:00Z",,,,,,,,1,,,,,,1
"2020-07-03T08:30:00Z","2020-07-03T09:00:00Z",,,,,,,,1,,,,,,1
"2020-07-03T09:00:00Z","2020-07-03T09:30:00Z",,,,,,,,1,,,,,,1
"2020-07-03T09:30:00Z","2020-07-03T10:00:00Z",,,,,,,,1,,,,,,1
"2020-07-03T10:00:00Z","2020-07-03T10:30:00Z",,,,,,,,1,,,,,,1
"2020-07-03T10:30:00Z","2020-07-03T11:00:00Z",,,,,,,,1,,,,,,1
"2020-07-03T11:00:00Z","2020-07-03T11:30:00Z",,,,,,,,1,,,,,,1
"2020-07-03T11:30:00Z","2020-07-03T12:00:00Z",,,,,,,,1,,,,,,1
"2020-07-03T12:00:00Z","2020-07-03T12:30:00Z",,,,,,,,1,,,,,,1
"2020-07-03T12:30:00Z","2020-07-03T13:00:00Z",,,,,,,,1,,,,,,1
"2020-07-03T13:00:00Z","2020-07-03T13:30:00Z",,,,,,,,1,,,,,,1
"2020-07-03T13:30:00Z","2020-07-03T14:00:00Z",,,,,,,,1,,,,,,1
"2020-07-03T14:00:00Z","2020-07-03T14:30:00Z",,,,,,,,1,,,,,,1
"2020-07-03T14:30:00Z","2020-07-03T15:00:00Z",,,,,,,,1,,,,,,1
"2020-07-03T15:00:00Z","2020-07-03T15:30:00Z",,,,,,,,1,,,,,,1
"2020-07-03T15:30:00Z","2020-07-03T16:00:00Z",,,,,,,,1,,,,,,1
"2020-07-03T16:00:00Z","2020-07-03T16:30:00Z",0.50,0.32,0.66,0.01,55.00,0.03,0.01,1,148.42,20.86,55.00,4.64,0.62,1
"2020-07-03T16:30:00Z","2020-07-03T17:00:00Z",0.34,0.01,2.21,0.04,801.00,0.05,0.01,1,129.41,3019.86,801.00,5.92,1.94,1
"2020-07-03T17:00:00Z","2020-07-03T17:30:00Z",0.44,0.16,0.69,0.01,431.00,0.02,0.00,1,135.64,222.56,431.00,4.70,0.72,1
"2020-07-03T17:30:00Z","2020-07-03T18:00:00Z",0.21,0.08,0.34,0.00,91.00,0.02,0.01,1,72.90,776.82,91.00,7.36,2.92,1
"2020-07-03T18:00:00Z","2020-07-03T18:30:00Z",,,,,,,,1,,,,,,1
"2020-07-03T18:30:00Z","2020-07-03T19:00:00Z",0.21,0.04,0.51,0.01,358.00,0.02,0.00,1,125.07,1845.08,358.00,6.37,2.27,1
"2020-07-03T19:00:00Z","2020-07-03T19:30:00Z",0.21,0.14,0.24,0.00,3.00,0.07,0.03,1,315.00,0.00,3.00,4.47,0.00,1
"2020-07-03T19:30:00Z","2020-07-03T20:00:00Z",0.01,0.01,0.01,0.00,1.00,0.02,,1,135.00,0.00,1.00,4.47,,1
"2020-07-03T20:00:00Z","2020-07-03T20:30:00Z",0.19,0.03,0.68,0.02,46.00,0.04,0.02,1,294.17,2125.27,46.00,14.31,6.80,1
"2020-07-03T20:30:00Z","2020-07-03T21:00:00Z",0.34,0.09,0.51,0.01,105.00,0.03,0.01,1,163.17,1201.82,105.00,8.11,3.38,1
"2020-07-03T21:00:00Z","2020-07-03T21:30:00Z",,,,,,,,1,,,,,,1
"2020-07-03T21:30:00Z","2020-07-03T22:00:00Z",,,,,,,,1,,,,,,1
"2020-07-03T22:00:00Z","2020-07-03T22:30:00Z",,,,,,,,1,,,,,,1
"2020-07-03T22:30:00Z","2020-07-03T23:00:00Z",,,,,,,,1,,,,,,1
"2020-07-03T23:00:00Z","2020-07-03T23:30:00Z",,,,,,,,1,,,,,,1
"2020-07-03T23:30:00Z","2020-07-04T00:00:00Z",0.80,0.70,0.89,0.00,17.00,0.03,0.01,1,316.35,6.45,17.00,4.64,0.62,1
"2020-07-04T00:00:00Z","2020-07-04T00:30:00Z",0.20,0.02,0.87,0.01,1044.00,0.02,0.00,1,95.99,9267.02,1044.00,7.45,2.98,1
"2020-07-04T00:30:00Z","2020-07-04T01:00:00Z",0.26,0.00,0.70,0.01,1800.00,0.02,0.00,0,84.65,5989.79,1800.00,5.77,1.82,1
"2020-07-04T01:00:00Z","2020-07-04T01:30:00Z",0.20,0.02,0.44,0.01,490.00,0.02,0.00,1,82.53,1649.23,490.00,5.78,1.83,1
"2020-07-04T01:30:00Z","2020-07-04T02:00:00Z",0.39,0.20,0.57,0.07,2.00,0.37,0.19,1,137.01,4.03,2.00,5.30,1.42,1
"2020-07-04T02:00:00Z","2020-07-04T02:30:00Z",0.29,0.13,0.67,0.01,59.00,0.04,0.02,1,130.18,657.97,59.00,8.04,3.34,1
"2020-07-04T02:30:00Z","2020-07-04T03:00:00Z",0.18,0.01,0.57,0.01,1332.00,0.02,0.00,1,16.62,8175.01,1332.00,6.67,2.48,1
"2020-07-04T03:00:00Z","2020-07-04T03:30:00Z",0.19,0.02,0.44,0.00,291.00,0.02,0.00,1,29.47,1572.12,291.00,6.45,2.32,1
"2020-07-04T03:30:00Z","2020-07-04T04:00:00Z",0.21,0.09,0.41,0.00,294.00,0.02,0.00,1,356.67,700.21,294.00,5.43,1.54,1
"2020-07-04T04:00:00Z","2020-07-04T04:30:00Z",0.15,0.00,0.28,0.00,1113.00,0.02,0.00,1,135.20,1965.36,1113.00,5.20,1.33,1
"2020-07-04T04:30:00Z","2020-07-04T05:00:00Z",0.16,0.06,0.29,0.00,553.00,0.01,0.00,1,128.95,777.52,553.00,5.06,1.19,1
"2020-07-04T05:00:00Z","2020-07-04T05:30:00Z",0.20,0.00,0.52,0.01,733.00,0.02,0.00,1,83.41,5833.45,733.00,7.20,2.82,1
"2020-07-04T05:30:00Z","2020-07-04T06:00:00Z",0.12,0.00,0.45,0.01,497.00,0.02,0.00,1,180.92,6581.66,497.00,8.54,3.64,1
"2020-07-04T06:00:00Z","2020-07-04T06:30:00Z",0.17,0.02,0.64,0.01,467.00,0.02,0.00,1,268.63,2114.23,467.00,6.17,2.13,1
"2020-07-04T06:30:00Z","2020-07-04T07:00:00Z",0.15,0.04,0.34,0.00,570.00,0.01,0.00,1,216.46,1283.06,570.00,5.39,1.50,1
"2020-07-04T07:00:00Z","2020-07-04T07:30:00Z",0.17,0.01,0.40,0.00,576.00,0.02,0.00,1,73.42,6641.17,576.00,8.13,3.40,1
"2020-07-04T07:30:00Z","2020-07-04T08:00:00Z",0.16,0.00,0.46,0.01,727.00,0.02,0.00,1,151.10,2106.70,727.00,5.62,1.70,1
"2020-07-04T08:00:00Z","2020-07-04T08:30:00Z",,,,,,,,1,,,,,,1
"2020-07-04T08:30:00Z","2020-07-04T09:00:00Z",,,,,,,,1,,,,,,1
"2020-07-04T09:00:00Z","2020-07-04T09:30:00Z",0.17,0.02,0.32,0.00,421.00,0.01,0.00,1,319.36,2494.10,421.00,6.61,2.43,1
"2020-07-04T09:30:00Z","2020-07-04T10:00:00Z",0.28,0.04,0.45,0.01,1796.00,0.02,0.00,0,282.68,1220.54,1796.00,4.77,0.82,0
"2020-07-04T10:00:00Z","2020-07-04T10:30:00Z",0.27,0.00,0.47,0.01,1800.00,0.02,0.00,0,277.16,3994.25,1800.00,5.37,1.49,0
"2020-07-04T10:30:00Z","2020-07-04T11:00:00Z",0.17,0.00,0.35,0.00,1800.00,0.02,0.00,0,8.75,8341.07,1800.00,6.21,2.15,0
"2020-07-04T11:00:00Z","2020-07-04T11:30:00Z",0.29,0.00,0.57,0.02,1800.00,0.02,0.00,0,345.00,6067.81,1800.00,5.79,1.84,0
"2020-07-04T11:30:00Z","2020-07-04T12:00:00Z",0.18,0.00,0.36,0.00,1800.00,0.02,0.00,0,279.40,3395.41,1800.00,5.25,1.37,0
"2020-07-04T12:00:00Z","2020-07-04T12:30:00Z",0.17,0.01,0.38,0.00,1800.00,0.02,0.00,0,294.76,5647.93,1800.00,5.71,1.77,0
"2020-07-04T12:30:00Z","2020-07-04T13:00:00Z",0.30,0.09,0.56,0.01,1797.00,0.02,0.00,0,296.26,1067.08,1797.00,4.73,0.77,0
"2020-07-04T13:00:00Z","2020-07-04T13:30:00Z",0.26,0.04,0.53,0.01,1800.00,0.02,0.00,0,309.38,862.78,1800.00,4.68,0.69,0
"2020-07-04T13:30:00Z","2020-07-04T14:00:00Z",0.23,0.04,0.51,0.01,1800.00,0.02,0.00,0,298.13,897.24,1800.00,4.69,0.71,0
"2020-07-04T14:00:00Z","2020-07-04T14:30:00Z",0.23,0.00,0.56,0.02,1800.00,0.02,0.00,0,333.99,4477.99,1800.00,5.47,1.58,0
"2020-07-04T14:30:00Z","2020-07-04T15:00:00Z",0.10,0.00,0.28,0.00,1800.00,0.02,0.00,0,333.53,9430.20,1800.00,6.40,2.29,0
"2020-07-04T15:00:00Z","2020-07-04T15:30:00Z",0.15,0.00,0.39,0.01,1800.00,0.02,0.00,0,127.43,1488.58,1800.00,4.83,0.91,1
"2020-07-04T15:30:00Z","2020-07-04T16:00:00Z",0.18,0.05,0.39,0.00,1800.00,0.01,0.00,0,119.25,1922.06,1800.00,4.93,1.03,1
"2020-07-04T16:00:00Z","2020-07-04T16:30:00Z",0.21,0.00,0.47,0.01,1795.00,0.02,0.00,0,123.74,1882.14,1795.00,4.92,1.02,1
"2020-07-04T16:30:00Z","2020-07-04T17:00:00Z",0.19,0.03,0.48,0.01,1800.00,0.02,0.00,0,115.25,1406.14,1800.00,4.81,0.88,1
"2020-07-04T17:00:00Z","2020-07-04T17:30:00Z",0.19,0.01,0.52,0.01,1800.00,0.02,0.00,0,92.54,4182.83,1800.00,5.41,1.52,0
"2020-07-04T17:30:00Z","2020-07-04T18:00:00Z",0.28,0.00,0.69,0.02,1800.00,0.02,0.00,0,185.25,6935.16,1800.00,5.95,1.96,1
"2020-07-04T18:00:00Z","2020-07-04T18:30:00Z",0.32,0.00,0.76,0.02,1800.00,0.02,0.00,0,140.36,4773.00,1800.00,5.53,1.63,1
"2020-07-04T18:30:00Z","2020-07-04T19:00:00Z",0.35,0.00,0.77,0.03,1800.00,0.02,0.00,0,132.11,1956.98,1800.00,4.93,1.04,1
"2020-07-04T19:00:00Z","2020-07-04T19:30:00Z",0.30,0.02,0.87,0.04,1795.00,0.02,0.00,0,113.72,2766.15,1795.00,5.12,1.24,1
"2020-07-04T19:30:00Z","2020-07-04T20:00:00Z",0.30,0.03,0.78,0.02,1800.00,0.02,0.00,0,93.97,2200.98,1800.00,4.99,1.11,1
"2020-07-04T20:00:00Z","2020-07-04T20:30:00Z",0.23,0.02,0.53,0.01,1800.00,0.02,0.00,0,114.85,2925.94,1800.00,5.15,1.27,1
"2020-07-04T20:30:00Z","2020-07-04T21:00:00Z",0.24,0.00,0.72,0.02,1800.00,0.02,0.00,0,46.20,3733.64,1800.00,5.32,1.44,0
"2020-07-04T21:00:00Z","2020-07-04T21:30:00Z",0.20,0.00,0.50,0.01,1800.00,0.02,0.00,0,75.65,1984.98,1800.00,4.94,1.05,1
"2020-07-04T21:30:00Z","2020-07-04T22:00:00Z",0.26,0.03,0.86,0.02,1800.00,0.02,0.00,0,130.80,1136.67,1800.00,4.75,0.79,1
"2020-07-04T22:00:00Z","2020-07-04T22:30:00Z",0.30,0.00,1.17,0.03,1797.00,0.03,0.00,0,309.74,2438.42,1797.00,5.04,1.16,0
"2020-07-04T22:30:00Z","2020-07-04T23:00:00Z",0.29,0.05,1.00,0.02,1800.00,0.02,0.00,0,332.58,3870.70,1800.00,5.35,1.47,0
"2020-07-04T23:00:00Z","2020-07-04T23:30:00Z",0.26,0.00,0.69,0.02,449.00,0.03,0.01,1,267.10,5213.81,449.00,8.15,3.41,1
"2020-07-04T23:30:00Z","2020-07-05T00:00:00Z",0.24,0.01,0.50,0.01,1159.00,0.02,0.00,1,188.71,1039.33,1159.00,4.86,0.95,1
"2020-07-05T00:00:00Z","2020-07-05T00:30:00Z",0.28,0.00,1.10,0.03,1800.00,0.03,0.00,0,170.17,5660.36,1800.00,5.71,1.77,1
"2020-07-05T00:30:00Z","2020-07-05T01:00:00Z",0.37,0.00,0.75,0.02,1800.00,0.02,0.00,0,321.81,1190.35,1800.00,4.76,0.81,0
"2020-07-05T01:00:00Z","2020-07-05T01:30:00Z",0.49,0.05,1.04,0.02,989.00,0.03,0.00,1,314.18,432.08,989.00,4.66,0.66,1
"2020-07-05T01:30:00Z","2020-07-05T02:00:00Z",,,,,,,,1,,,,,,1
"2020-07-05T02:00:00Z","2020-07-05T02:30:00Z",,,,,,,,1,,,,,,1
"2020-07-05T02:30:00Z","2020-07-05T03:00:00Z",,,,,,,,1,,,,,,1
"2020-07-05T03:00:00Z","2020-07-05T03:30:00Z",,,,,,,,1,,,,,,1
"2020-07-05T03:30:00Z","2020-07-05T04:00:00Z",,,,,,,,1,,,,,,1
"2020-07-05T04:00:00Z","2020-07-05T04:30:00Z",,,,,,,,1,,,,,,1
"2020-07-05T04:30:00Z","2020-07-05T05:00:00Z",,,,,,,,1,,,,,,1
"2020-07-05T05:00:00Z","2020-07-05T05:30:00Z",,,,,,,,1,,,,,,1
"2020-07-05T05:30:00Z","2020-07-05T06:00:00Z",,,,,,,,1,,,,,,1
"2020-07-05T06:00:00Z","2020-07-05T06:30:00Z",,,,,,,,1,,,,,,1
"2020-07-05T06:30:00Z","2020-07-05T07:00:00Z",,,,,,,,1,,,,,,1
"2020-07-05T07:00:00Z","2020-07-05T07:30:00Z",,,,,,,,1,,,,,,1
"2020-07-05T07:30:00Z","2020-07-05T08:00:00Z",,,,,,,,1,,,,,,1
"2020-07-05T08:00:00Z","2020-07-05T08:30:00Z",,,,,,,,1,,,,,,1
"2020-07-05T08:30:00Z","2020-07-05T09:00:00Z",0.07,0.02,0.12,0.00,7.00,0.03,0.01,1,358.47,3533.56,7.00,45.16,22.47,1
"2020-07-05T09:00:00Z","2020-07-05T09:30:00Z",0.09,0.03,0.17,0.00,17.00,0.03,0.01,1,283.77,1802.39,17.00,21.07,10.30,1
"2020-07-05T09:30:00Z","2020-07-05T10:00:00Z",0.30,0.12,0.54,0.01,151.00,0.02,0.01,1,337.96,348.05,151.00,5.41,1.52,1
"2020-07-05T10:00:00Z","2020-07-05T10:30:00Z",0.24,0.16,0.39,0.00,49.00,0.02,0.01,1,320.92,450.63,49.00,7.54,3.03,1
"2020-07-05T10:30:00Z","2020-07-05T11:00:00Z",0.39,0.32,0.41,0.00,12.00,0.02,0.01,1,319.68,37.75,12.00,5.71,1.77,1
"2020-07-05T11:00:00Z","2020-07-05T11:30:00Z",,,,,,,,1,,,,,,1
"2020-07-05T11:30:00Z","2020-07-05T12:00:00Z",0.30,0.17,0.39,0.00,139.00,0.02,0.00,1,295.55,86.45,139.00,4.74,0.79,1
"2020-07-05T12:00:00Z","2020-07-05T12:30:00Z",0.30,0.09,0.56,0.00,351.00,0.02,0.00,1,296.12,98.15,351.00,4.60,0.53,1
"2020-07-05T12:30:00Z","2020-07-05T13:00:00Z",0.23,0.05,0.71,0.01,755.00,0.02,0.00,1,308.40,423.30,755.00,4.72,0.75,1
"2020-07-05T13:00:00Z","2020-07-05T13:30:00Z",0.50,0.49,0.51,0.00,3.00,0.02,0.01,1,332.30,44.12,3.00,8.88,3.84,1
"2020-07-05T13:30:00Z","2020-07-05T14:00:00Z",0.32,0.32,0.32,0.00,1.00,0.01,,1,318.58,0.00,1.00,4.47,,1
"2020-07-05T14:00:00Z","2020-07-05T14:30:00Z",,,,,,,,1,,,,,,1
"2020-07-05T14:30:00Z","2020-07-05T15:00:00Z",,,,,,,,1,,,,,,1
"2020-07-05T15:00:00Z","2020-07-05T15:30:00Z",,,,,,,,1,,,,,,1
"2020-07-05T15:30:00Z","2020-07-05T16:00:00Z",,,,,,,,1,,,,,,1
"2020-07-05T16:00:00Z","2020-07-05T16:30:00Z",,,,,,,,1,,,,,,1
"2020-07-05T16:30:00Z","2020-07-05T17:00:00Z",,,,,,,,1,,,,,,1
"2020-07-05T17:00:00Z","2020-07-05T17:30:00Z",,,,,,,,1,,,,,,1
"2020-07-05T17:30:00Z","2020-07-05T18:00:00Z",3.35,3.08,3.90,0.10,8.00,0.24,0.11,1,139.22,0.41,8.00,4.49,0.23,1
"2020-07-05T18:00:00Z","2020-07-05T18:30:00Z",5.46,4.54,6.45,0.92,3.00,1.12,0.55,1,133.06,3.38,3.00,4.95,1.06,1
"2020-07-05T18:30:00Z","2020-07-05T19:00:00Z",6.15,2.68,10.89,3.36,427.00,0.45,0.09,1,132.00,8.42,427.00,4.48,0.14,1
"2020-07-05T19:00:00Z","2020-07-05T19:30:00Z",2.95,1.79,4.89,0.45,97.00,0.17,0.07,1,142.86,26.99,97.00,4.59,0.53,1
"2020-07-05T19:30:00Z","2020-07-05T20:00:00Z",0.30,0.12,2.51,0.14,473.00,0.06,0.02,1,347.33,1818.04,473.00,5.95,1.96,1
"2020-07-05T20:00:00Z","2020-07-05T20:30:00Z",0.31,0.03,0.64,0.03,712.00,0.02,0.01,1,321.06,2087.27,712.00,5.63,1.71,1
"2020-07-05T20:30:00Z","2020-07-05T21:00:00Z",0.18,0.01,0.40,0.01,466.00,0.02,0.00,1,52.48,4715.25,466.00,7.78,3.18,1
"2020-07-05T21:00:00Z","2020-07-05T21:30:00Z",0.06,0.06,0.06,0.00,1.00,0.01,,1,255.96,0.00,1.00,4.47,,1
"2020-07-05T21:30:00Z","2020-07-05T22:00:00Z",0.16,0.03,0.35,0.00,287.00,0.02,0.00,1,26.41,5239.07,287.00,9.64,4.27,1
"2020-07-05T22:00:00Z","2020-07-05T22:30:00Z",0.09,0.01,0.18,0.00,333.00,0.01,0.00,1,72.04,1377.06,333.00,6.04,2.03,1
"2020-07-05T22:30:00Z","2020-07-05T23:00:00Z",0.11,0.11,0.11,0.00,1.00,0.01,,1,262.87,0.00,1.00,4.47,,1
"2020-07-05T23:00:00Z","2020-07-05T23:30:00Z",0.18,0.15,0.20,0.00,5.00,0.02,0.01,1,341.80,141.66,5.00,11.55,5.32,1
"2020-07-05T23:30:00Z","2020-07-06T00:00:00Z",,,,,,,,1,,,,,,1
"2020-07-06T00:00:00Z","2020-07-06T00:30:00Z",,,,,,,,1,,,,,,1
"2020-07-06T00:30:00Z","2020-07-06T01:00:00Z",,,,,,,,1,,,,,,1
"2020-07-06T01:00:00Z","2020-07-06T01:30:00Z",,,,,,,,1,,,,,,1
"2020-07-06T01:30:00Z","2020-07-06T02:00:00Z",,,,,,,,1,,,,,,1
"2020-07-06T02:00:00Z","2020-07-06T02:30:00Z",,,,,,,,1,,,,,,1
"2020-07-06T02:30:00Z","2020-07-06T03:00:00Z",0.10,0.00,0.29,0.00,688.00,0.02,0.00,1,141.99,2272.02,688.00,5.76,1.82,1
"2020-07-06T03:00:00Z","2020-07-06T03:30:00Z",0.08,0.00,0.20,0.00,276.00,0.02,0.00,1,115.37,2764.52,276.00,7.75,3.16,1
"2020-07-06T03:30:00Z","2020-07-06T04:00:00Z",0.16,0.16,0.16,0.00,1.00,0.01,,1,349.70,0.00,1.00,4.47,,1
"2020-07-06T04:00:00Z","2020-07-06T04:30:00Z",0.10,0.08,0.12,0.00,6.00,0.02,0.01,1,332.48,107.50,6.00,9.57,4.23,1
"2020-07-06T04:30:00Z","2020-07-06T05:00:00Z",0.15,0.03,0.27,0.00,258.00,0.01,0.00,1,75.72,5368.96,258.00,10.16,4.56,1
"2020-07-06T05:00:00Z","2020-07-06T05:30:00Z",0.25,0.13,0.33,0.00,161.00,0.01,0.00,1,314.66,157.90,161.00,4.89,0.99,1
"2020-07-06T05:30:00Z","2020-07-06T06:00:00Z",,,,,,,,1,,,,,,1
"2020-07-06T06:00:00Z","2020-07-06T06:30:00Z",0.29,0.22,0.37,0.00,22.00,0.02,0.01,1,315.89,158.63,22.00,6.99,2.69,1
"2020-07-06T06:30:00Z","2020-07-06T07:00:00Z",0.10,0.01,0.26,0.00,264.00,0.02,0.00,1,6.52,1125.13,264.00,6.09,2.06,1
"2020-07-06T07:00:00Z","2020-07-06T07:30:00Z",0.07,0.00,0.23,0.00,595.00,0.02,0.00,1,179.50,5477.14,595.00,7.54,3.03,1
"2020-07-06T07:30:00Z","2020-07-06T08:00:00Z",0.30,0.03,0.58,0.01,169.00,0.02,0.01,1,345.26,194.05,169.00,4.96,1.07,1
"2020-07-06T08:00:00Z","2020-07-06T08:30:00Z",0.33,0.00,3.06,0.47,97.00,0.15,0.07,1,260.07,5359.50,97.00,15.52,7.43,1
"2020-07-06T08:30:00Z","2020-07-06T09:00:00Z",0.28,0.01,0.42,0.00,274.00,0.02,0.00,1,324.27,1093.80,274.00,6.00,2.00,1
"2020-07-06T09:00:00Z","2020-07-06T09:30:00Z",0.35,0.08,2.64,0.24,170.00,0.09,0.04,1,329.51,1525.68,170.00,7.48,3.00,1
"2020-07-06T09:30:00Z","2020-07-06T10:00:00Z",0.23,0.12,0.46,0.01,31.00,0.04,0.02,1,323.36,121.63,31.00,5.97,1.98,1
"2020-07-06T10:00:00Z","2020-07-06T10:30:00Z",0.30,0.06,2.68,0.13,87.00,0.09,0.04,1,319.70,2323.64,87.00,11.26,5.17,1
"2020-07-06T10:30:00Z","2020-07-06T11:00:00Z",0.19,0.07,0.92,0.02,63.00,0.04,0.02,1,358.04,529.05,63.00,7.32,2.90,1
"2020-07-06T11:00:00Z","2020-07-06T11:30:00Z",0.26,0.18,0.34,0.00,88.00,0.01,0.00,1,320.85,469.91,88.00,6.43,2.31,1
"2020-07-06T11:30:00Z","2020-07-06T12:00:00Z",0.31,0.24,0.35,0.00,36.00,0.02,0.00,1,324.71,96.53,36.00,5.54,1.64,1
"2020-07-06T12:00:00Z","2020-07-06T12:30:00Z",,,,,,,,1,,,,,,1
"2020-07-06T12:30:00Z","2020-07-06T13:00:00Z",0.05,0.01,0.27,0.00,50.00,0.03,0.01,1,110.45,2977.81,50.00,16.07,7.72,1
"2020-07-06T13:00:00Z","2020-07-06T13:30:00Z",,,,,,,,1,,,,,,1
"2020-07-06T13:30:00Z","2020-07-06T14:00:00Z",1.76,1.76,1.76,0.00,1.00,0.04,,1,132.72,0.00,1.00,4.47,,1
"2020-07-06T14:00:00Z","2020-07-06T14:30:00Z",0.20,0.00,0.37,0.00,135.00,0.02,0.01,1,196.83,810.86,135.00,6.64,2.45,1
"2020-07-06T14:30:00Z","2020-07-06T15:00:00Z",0.16,0.00,0.29,0.01,91.00,0.03,0.01,1,280.96,2687.51,91.00,11.75,5.43,1
"2020-07-06T15:00:00Z","2020-07-06T15:30:00Z",0.20,0.04,0.41,0.01,29.00,0.04,0.02,1,58.67,2619.17,29.00,19.53,9.50,1
"2020-07-06T15:30:00Z","2020-07-06T16:00:00Z",0.13,0.01,0.33,0.00,214.00,0.02,0.00,1,306.92,4956.21,214.00,10.61,4.81,1
"2020-07-06T16:00:00Z","2020-07-06T16:30:00Z",0.31,0.01,0.57,0.02,229.00,0.03,0.01,1,350.70,3471.50,229.00,8.98,3.89,1
"2020-07-06T16:30:00Z","2020-07-06T17:00:00Z",0.15,0.00,0.36,0.01,104.00,0.02,0.01,1,81.56,3552.00,104.00,12.51,5.84,1
"2020-07-06T17:00:00Z","2020-07-06T17:30:00Z",0.28,0.07,0.54,0.02,69.00,0.04,0.02,1,127.82,1437.32,69.00,10.16,4.56,1
"2020-07-06T17:30:00Z","2020-07-06T18:00:00Z",0.11,0.00,0.33,0.01,231.00,0.03,0.01,1,160.70,4527.19,231.00,9.92,4.43,1
"2020-07-06T18:00:00Z","2020-07-06T18:30:00Z",0.12,0.01,0.34,0.00,342.00,0.01,0.00,1,171.82,2492.01,342.00,7.01,2.70,1
"2020-07-06T18:30:00Z","2020-07-06T19:00:00Z",0.36,0.01,0.77,0.03,568.00,0.03,0.01,1,141.32,2347.60,568.00,6.04,2.03,1
"2020-07-06T19:00:00Z","2020-07-06T19:30:00Z",0.47,0.08,1.06,0.05,280.00,0.04,0.01,1,131.02,441.72,280.00,5.13,1.26,1
"2020-07-06T19:30:00Z","2020-07-06T20:00:00Z",0.24,0.23,0.24,0.00,2.00,0.01,0.00,1,84.05,0.57,2.00,4.60,0.54,1
"2020-07-06T20:00:00Z","2020-07-06T20:30:00Z",0.10,0.01,0.30,0.00,28.00,0.03,0.01,1,56.75,3506.50,28.00,22.82,11.19,1
"2020-07-06T20:30:00Z","2020-07-06T21:00:00Z",0.17,0.04,0.24,0.00,20.00,0.02,0.01,1,10.99,284.46,20.00,8.77,3.77,1
"2020-07-06T21:00:00Z","2020-07-06T21:30:00Z",,,,,,,,1,,,,,,1
"2020-07-06T21:30:00Z","2020-07-06T22:00:00Z",,,,,,,,1,,,,,,1
"2020-07-06T22:00:00Z","2020-07-06T22:30:00Z",0.75,0.34,1.36,0.05,81.00,0.06,0.03,1,302.83,267.30,81.00,5.76,1.82,1
"2020-07-06T22:30:00Z","2020-07-06T23:00:00Z",0.41,0.07,1.25,0.04,741.00,0.03,0.01,1,305.62,325.56,741.00,4.66,0.66,1
"2020-07-06T23:00:00Z","2020-07-06T23:30:00Z",0.08,0.04,0.15,0.00,3.00,0.07,0.03,1,267.29,14.69,3.00,6.29,2.21,1
"2020-07-06T23:30:00Z","2020-07-07T00:00:00Z",,,,,,,,1,,,,,,1
"2020-07-07T00:00:00Z","2020-07-07T00:30:00Z",0.05,0.01,0.13,0.00,12.00,0.02,0.01,1,65.66,1260.35,12.00,20.98,10.25,1
"2020-07-07T00:30:00Z","2020-07-07T01:00:00Z",0.06,0.06,0.06,0.00,3.00,0.01,0.00,1,61.47,161.73,3.00,15.35,7.34,1
"2020-07-07T01:00:00Z","2020-07-07T01:30:00Z",,,,,,,,1,,,,,,1
"2020-07-07T01:30:00Z","2020-07-07T02:00:00Z",,,,,,,,1,,,,,,1
"2020-07-07T02:00:00Z","2020-07-07T02:30:00Z",,,,,,,,1,,,,,,1
"2020-07-07T02:30:00Z","2020-07-07T03:00:00Z",,,,,,,,1,,,,,,1
"2020-07-07T03:00:00Z","2020-07-07T03:30:00Z",0.08,0.06,0.09,0.00,3.00,0.03,0.01,1,15.16,5.56,3.00,5.24,1.36,1
"2020-07-07T03:30:00Z","2020-07-07T04:00:00Z",0.17,0.17,0.17,0.00,3.00,0.01,0.00,1,7.90,4.91,3.00,5.15,1.28,1
"2020-07-07T04:00:00Z","2020-07-07T04:30:00Z",,,,,,,,1,,,,,,1
"2020-07-07T04:30:00Z","2020-07-07T05:00:00Z",,,,,,,,1,,,,,,1
"2020-07-07T05:00:00Z","2020-07-07T05:30:00Z",,,,,,,,1,,,,,,1
"2020-07-07T05:30:00Z","2020-07-07T06:00:00Z",,,,,,,,1,,,,,,1
"2020-07-07T06:00:00Z","2020-07-07T06:30:00Z",,,,,,,,1,,,,,,1
"2020-07-07T06:30:00Z","2020-07-07T07:00:00Z",,,,,,,,1,,,,,,1
"2020-07-07T07:00:00Z","2020-07-07T07:30:00Z",,,,,,,,1,,,,,,1
"2020-07-07T07:30:00Z","2020-07-07T08:00:00Z",,,,,,,,1,,,,,,1
"2020-07-07T08:00:00Z","2020-07-07T08:30:00Z",,,,,,,,1,,,,,,1
"2020-07-07T08:30:00Z","2020-07-07T09:00:00Z",,,,,,,,1,,,,,,1
"2020-07-07T09:00:00Z","2020-07-07T09:30:00Z",,,,,,,,1,,,,,,1
"2020-07-07T09:30:00Z","2020-07-07T10:00:00Z",,,,,,,,1,,,,,,1
"2020-07-07T10:00:00Z","2020-07-07T10:30:00Z",,,,,,,,1,,,,,,1
"2020-07-07T10:30:00Z","2020-07-07T11:00:00Z",,,,,,,,1,,,,,,1
"2020-07-07T11:00:00Z","2020-07-07T11:30:00Z",,,,,,,,1,,,,,,1
"2020-07-07T11:30:00Z","2020-07-07T12:00:00Z",,,,,,,,1,,,,,,1
"2020-07-07T12:00:00Z","2020-07-07T12:30:00Z",,,,,,,,1,,,,,,1
"2020-07-07T12:30:00Z","2020-07-07T13:00:00Z",,,,,,,,1,,,,,,1
"2020-07-07T13:00:00Z","2020-07-07T13:30:00Z",,,,,,,,1,,,,,,1
"2020-07-07T13:30:00Z","2020-07-07T14:00:00Z",,,,,,,,1,,,,,,1
"2020-07-07T14:00:00Z","2020-07-07T14:30:00Z",,,,,,,,1,,,,,,1
"2020-07-07T14:30:00Z","2020-07-07T15:00:00Z",,,,,,,,1,,,,,,1
"2020-07-07T15:00:00Z","2020-07-07T15:30:00Z",,,,,,,,1,,,,,,1
"2020-07-07T15:30:00Z","2020-07-07T16:00:00Z",,,,,,,,1,,,,,,1
"2020-07-07T16:00:00Z","2020-07-07T16:30:00Z",,,,,,,,1,,,,,,1
"2020-07-07T16:30:00Z","2020-07-07T17:00:00Z",,,,,,,,1,,,,,,1
"2020-07-07T17:00:00Z","2020-07-07T17:30:00Z",,,,,,,,1,,,,,,1
"2020-07-07T17:30:00Z","2020-07-07T18:00:00Z",,,,,,,,1,,,,,,1
"2020-07-07T18:00:00Z","2020-07-07T18:30:00Z",,,,,,,,1,,,,,,1
"2020-07-07T18:30:00Z","2020-07-07T19:00:00Z",,,,,,,,1,,,,,,1
"2020-07-07T19:00:00Z","2020-07-07T19:30:00Z",,,,,,,,1,,,,,,1
"2020-07-07T19:30:00Z","2020-07-07T20:00:00Z",2.70,1.30,3.56,0.08,292.00,0.08,0.02,1,135.60,16.94,292.00,4.50,0.24,1
"2020-07-07T20:00:00Z","2020-07-07T20:30:00Z",3.47,1.70,7.47,2.91,310.00,0.30,0.10,1,134.41,3.37,310.00,4.48,0.10,1
"2020-07-07T20:30:00Z","2020-07-07T21:00:00Z",,,,,,,,1,,,,,,1
"2020-07-07T21:00:00Z","2020-07-07T21:30:00Z",,,,,,,,1,,,,,,1
"2020-07-07T21:30:00Z","2020-07-07T22:00:00Z",,,,,,,,1,,,,,,1
"2020-07-07T22:00:00Z","2020-07-07T22:30:00Z",,,,,,,,1,,,,,,1
"2020-07-07T22:30:00Z","2020-07-07T23:00:00Z",,,,,,,,1,,,,,,1
"2020-07-07T23:00:00Z","2020-07-07T23:30:00Z",,,,,,,,1,,,,,,1
"2020-07-07T23:30:00Z","2020-07-08T00:00:00Z",,,,,,,,1,,,,,,1
"2020-07-08T00:00:00Z","2020-07-08T00:30:00Z",,,,,,,,1,,,,,,1
"2020-07-08T00:30:00Z","2020-07-08T01:00:00Z",,,,,,,,1,,,,,,1
"2020-07-08T01:00:00Z","2020-07-08T01:30:00Z",,,,,,,,1,,,,,,1
"2020-07-08T01:30:00Z","2020-07-08T02:00:00Z",,,,,,,,1,,,,,,1
"2020-07-08T02:00:00Z","2020-07-08T02:30:00Z",,,,,,,,1,,,,,,1
"2020-07-08T02:30:00Z","2020-07-08T03:00:00Z",,,,,,,,1,,,,,,1
"2020-07-08T03:00:00Z","2020-07-08T03:30:00Z",,,,,,,,1,,,,,,1
"2020-07-08T03:30:00Z","2020-07-08T04:00:00Z",,,,,,,,1,,,,,,1
"2020-07-08T04:00:00Z","2020-07-08T04:30:00Z",,,,,,,,1,,,,,,1
"2020-07-08T04:30:00Z","2020-07-08T05:00:00Z",,,,,,,,1,,,,,,1
"2020-07-08T05:00:00Z","2020-07-08T05:30:00Z",,,,,,,,1,,,,,,1
"2020-07-08T05:30:00Z","2020-07-08T06:00:00Z",,,,,,,,1,,,,,,1
"2020-07-08T06:00:00Z","2020-07-08T06:30:00Z",,,,,,,,1,,,,,,1
"2020-07-08T06:30:00Z","2020-07-08T07:00:00Z",,,,,,,,1,,,,,,1
"2020-07-08T07:00:00Z","2020-07-08T07:30:00Z",,,,,,,,1,,,,,,1
"2020-07-08T07:30:00Z","2020-07-08T08:00:00Z",,,,,,,,1,,,,,,1
"2020-07-08T08:00:00Z","2020-07-08T08:30:00Z",,,,,,,,1,,,,,,1
"2020-07-08T08:30:00Z","2020-07-08T09:00:00Z",,,,,,,,1,,,,,,1
"2020-07-08T09:00:00Z","2020-07-08T09:30:00Z",,,,,,,,1,,,,,,1
"2020-07-08T09:30:00Z","2020-07-08T10:00:00Z",,,,,,,,1,,,,,,1
"2020-07-08T10:00:00Z","2020-07-08T10:30:00Z",,,,,,,,1,,,,,,1
"2020-07-08T10:30:00Z","2020-07-08T11:00:00Z",,,,,,,,1,,,,,,1
"2020-07-08T11:00:00Z","2020-07-08T11:30:00Z",,,,,,,,1,,,,,,1
"2020-07-08T11:30:00Z","2020-07-08T12:00:00Z",,,,,,,,1,,,,,,1
"2020-07-08T12:00:00Z","2020-07-08T12:30:00Z",,,,,,,,1,,,,,,1
"2020-07-08T12:30:00Z","2020-07-08T13:00:00Z",,,,,,,,1,,,,,,1
"2020-07-08T13:00:00Z","2020-07-08T13:30:00Z",,,,,,,,1,,,,,,1
"2020-07-08T13:30:00Z","2020-07-08T14:00:00Z",,,,,,,,1,,,,,,1
"2020-07-08T14:00:00Z","2020-07-08T14:30:00Z",,,,,,,,1,,,,,,1
"2020-07-08T14:30:00Z","2020-07-08T15:00:00Z",,,,,,,,1,,,,,,1
"2020-07-08T15:00:00Z","2020-07-08T15:30:00Z",,,,,,,,1,,,,,,1
"2020-07-08T15:30:00Z","2020-07-08T16:00:00Z",,,,,,,,1,,,,,,1
"2020-07-08T16:00:00Z","2020-07-08T16:30:00Z",,,,,,,,1,,,,,,1
"2020-07-08T16:30:00Z","2020-07-08T17:00:00Z",,,,,,,,1,,,,,,1
"2020-07-08T17:00:00Z","2020-07-08T17:30:00Z",,,,,,,,1,,,,,,1
"2020-07-08T17:30:00Z","2020-07-08T18:00:00Z",,,,,,,,1,,,,,,1
"2020-07-08T18:00:00Z","2020-07-08T18:30:00Z",,,,,,,,1,,,,,,1
"2020-07-08T18:30:00Z","2020-07-08T19:00:00Z",,,,,,,,1,,,,,,1
"2020-07-08T19:00:00Z","2020-07-08T19:30:00Z",,,,,,,,1,,,,,,1
"2020-07-08T19:30:00Z","2020-07-08T20:00:00Z",,,,,,,,1,,,,,,1
"2020-07-08T20:00:00Z","2020-07-08T20:30:00Z",,,,,,,,1,,,,,,1
"2020-07-08T20:30:00Z","2020-07-08T21:00:00Z",,,,,,,,1,,,,,,1
"2020-07-08T21:00:00Z","2020-07-08T21:30:00Z",,,,,,,,1,,,,,,1
"2020-07-08T21:30:00Z","2020-07-08T22:00:00Z",,,,,,,,1,,,,,,1
"2020-07-08T22:00:00Z","2020-07-08T22:30:00Z",,,,,,,,1,,,,,,1
"2020-07-08T22:30:00Z","2020-07-08T23:00:00Z",,,,,,,,1,,,,,,1
"2020-07-08T23:00:00Z","2020-07-08T23:30:00Z",,,,,,,,1,,,,,,1
"2020-07-08T23:30:00Z","2020-07-09T00:00:00Z",,,,,,,,1,,,,,,1
"2020-07-09T00:00:00Z","2020-07-09T00:30:00Z",,,,,,,,1,,,,,,1
"2020-07-09T00:30:00Z","2020-07-09T01:00:00Z",,,,,,,,1,,,,,,1
"2020-07-09T01:00:00Z","2020-07-09T01:30:00Z",,,,,,,,1,,,,,,1
"2020-07-09T01:30:00Z","2020-07-09T02:00:00Z",,,,,,,,1,,,,,,1
"2020-07-09T02:00:00Z","2020-07-09T02:30:00Z",,,,,,,,1,,,,,,1
"2020-07-09T02:30:00Z","2020-07-09T03:00:00Z",,,,,,,,1,,,,,,1
"2020-07-09T03:00:00Z","2020-07-09T03:30:00Z",,,,,,,,1,,,,,,1
"2020-07-09T03:30:00Z","2020-07-09T04:00:00Z",,,,,,,,1,,,,,,1
"2020-07-09T04:00:00Z","2020-07-09T04:30:00Z",,,,,,,,1,,,,,,1
"2020-07-09T04:30:00Z","2020-07-09T05:00:00Z",,,,,,,,1,,,,,,1
"2020-07-09T05:00:00Z","2020-07-09T05:30:00Z",,,,,,,,1,,,,,,1
"2020-07-09T05:30:00Z","2020-07-09T06:00:00Z",,,,,,,,1,,,,,,1
"2020-07-09T06:00:00Z","2020-07-09T06:30:00Z",,,,,,,,1,,,,,,1
"2020-07-09T06:30:00Z","2020-07-09T07:00:00Z",,,,,,,,1,,,,,,1
"2020-07-09T07:00:00Z","2020-07-09T07:30:00Z",,,,,,,,1,,,,,,1
"2020-07-09T07:30:00Z","2020-07-09T08:00:00Z",,,,,,,,1,,,,,,1
"2020-07-09T08:00:00Z","2020-07-09T08:30:00Z",,,,,,,,1,,,,,,1
"2020-07-09T08:30:00Z","2020-07-09T09:00:00Z",,,,,,,,1,,,,,,1
"2020-07-09T09:00:00Z","2020-07-09T09:30:00Z",,,,,,,,1,,,,,,1
"2020-07-09T09:30:00Z","2020-07-09T10:00:00Z",,,,,,,,1,,,,,,1
"2020-07-09T10:00:00Z","2020-07-09T10:30:00Z",,,,,,,,1,,,,,,1
"2020-07-09T10:30:00Z","2020-07-09T11:00:00Z",,,,,,,,1,,,,,,1
"2020-07-09T11:00:00Z","2020-07-09T11:30:00Z",,,,,,,,1,,,,,,1
"2020-07-09T11:30:00Z","2020-07-09T12:00:00Z",,,,,,,,1,,,,,,1
"2020-07-09T12:00:00Z","2020-07-09T12:30:00Z",,,,,,,,1,,,,,,1
"2020-07-09T12:30:00Z","2020-07-09T13:00:00Z",,,,,,,,1,,,,,,1
"2020-07-09T13:00:00Z","2020-07-09T13:30:00Z",,,,,,,,1,,,,,,1
"2020-07-09T13:30:00Z","2020-07-09T14:00:00Z",,,,,,,,1,,,,,,1
"2020-07-09T14:00:00Z","2020-07-09T14:30:00Z",,,,,,,,1,,,,,,1
"2020-07-09T14:30:00Z","2020-07-09T15:00:00Z",,,,,,,,1,,,,,,1
"2020-07-09T15:00:00Z","2020-07-09T15:30:00Z",,,,,,,,1,,,,,,1
"2020-07-09T15:30:00Z","2020-07-09T16:00:00Z",,,,,,,,1,,,,,,1
"2020-07-09T16:00:00Z","2020-07-09T16:30:00Z",,,,,,,,1,,,,,,1
"2020-07-09T16:30:00Z","2020-07-09T17:00:00Z",,,,,,,,1,,,,,,1
"2020-07-09T17:00:00Z","2020-07-09T17:30:00Z",,,,,,,,1,,,,,,1
"2020-07-09T17:30:00Z","2020-07-09T18:00:00Z",,,,,,,,1,,,,,,1
"2020-07-09T18:00:00Z","2020-07-09T18:30:00Z",,,,,,,,1,,,,,,1
"2020-07-09T18:30:00Z","2020-07-09T19:00:00Z",,,,,,,,1,,,,,,1
"2020-07-09T19:00:00Z","2020-07-09T19:30:00Z",,,,,,,,1,,,,,,1
"2020-07-09T19:30:00Z","2020-07-09T20:00:00Z",,,,,,,,1,,,,,,1
"2020-07-09T20:00:00Z","2020-07-09T20:30:00Z",,,,,,,,1,,,,,,1
"2020-07-09T20:30:00Z","2020-07-09T21:00:00Z",,,,,,,,1,,,,,,1
"2020-07-09T21:00:00Z","2020-07-09T21:30:00Z",,,,,,,,1,,,,,,1
"2020-07-09T21:30:00Z","2020-07-09T22:00:00Z",,,,,,,,1,,,,,,1
"2020-07-09T22:00:00Z","2020-07-09T22:30:00Z",,,,,,,,1,,,,,,1
"2020-07-09T22:30:00Z","2020-07-09T23:00:00Z",,,,,,,,1,,,,,,1
"2020-07-09T23:00:00Z","2020-07-09T23:30:00Z",,,,,,,,1,,,,,,1
"2020-07-09T23:30:00Z","2020-07-10T00:00:00Z",,,,,,,,1,,,,,,1
"2020-07-10T00:00:00Z","2020-07-10T00:30:00Z",,,,,,,,1,,,,,,1
"2020-07-10T00:30:00Z","2020-07-10T01:00:00Z",,,,,,,,1,,,,,,1
"2020-07-10T01:00:00Z","2020-07-10T01:30:00Z",,,,,,,,1,,,,,,1
"2020-07-10T01:30:00Z","2020-07-10T02:00:00Z",,,,,,,,1,,,,,,1
"2020-07-10T02:00:00Z","2020-07-10T02:30:00Z",,,,,,,,1,,,,,,1
"2020-07-10T02:30:00Z","2020-07-10T03:00:00Z",,,,,,,,1,,,,,,1
"2020-07-10T03:00:00Z","2020-07-10T03:30:00Z",,,,,,,,1,,,,,,1
"2020-07-10T03:30:00Z","2020-07-10T04:00:00Z",,,,,,,,1,,,,,,1
"2020-07-10T04:00:00Z","2020-07-10T04:30:00Z",,,,,,,,1,,,,,,1
"2020-07-10T04:30:00Z","2020-07-10T05:00:00Z",,,,,,,,1,,,,,,1
"2020-07-10T05:00:00Z","2020-07-10T05:30:00Z",,,,,,,,1,,,,,,1
"2020-07-10T05:30:00Z","2020-07-10T06:00:00Z",,,,,,,,1,,,,,,1
"2020-07-10T06:00:00Z","2020-07-10T06:30:00Z",,,,,,,,1,,,,,,1
"2020-07-10T06:30:00Z","2020-07-10T07:00:00Z",,,,,,,,1,,,,,,1
"2020-07-10T07:00:00Z","2020-07-10T07:30:00Z",,,,,,,,1,,,,,,1
"2020-07-10T07:30:00Z","2020-07-10T08:00:00Z",,,,,,,,1,,,,,,1
"2020-07-10T08:00:00Z","2020-07-10T08:30:00Z",,,,,,,,1,,,,,,1
"2020-07-10T08:30:00Z","2020-07-10T09:00:00Z",,,,,,,,1,,,,,,1
"2020-07-10T09:00:00Z","2020-07-10T09:30:00Z",,,,,,,,1,,,,,,1
"2020-07-10T09:30:00Z","2020-07-10T10:00:00Z",,,,,,,,1,,,,,,1
"2020-07-10T10:00:00Z","2020-07-10T10:30:00Z",,,,,,,,1,,,,,,1
"2020-07-10T10:30:00Z","2020-07-10T11:00:00Z",,,,,,,,1,,,,,,1
"2020-07-10T11:00:00Z","2020-07-10T11:30:00Z",,,,,,,,1,,,,,,1
"2020-07-10T11:30:00Z","2020-07-10T12:00:00Z",,,,,,,,1,,,,,,1
"2020-07-10T12:00:00Z","2020-07-10T12:30:00Z",,,,,,,,1,,,,,,1
"2020-07-10T12:30:00Z","2020-07-10T13:00:00Z",,,,,,,,1,,,,,,1
"2020-07-10T13:00:00Z","2020-07-10T13:30:00Z",,,,,,,,1,,,,,,1
"2020-07-10T13:30:00Z","2020-07-10T14:00:00Z",,,,,,,,1,,,,,,1
"2020-07-10T14:00:00Z","2020-07-10T14:30:00Z",,,,,,,,1,,,,,,1
"2020-07-10T14:30:00Z","2020-07-10T15:00:00Z",,,,,,,,1,,,,,,1
"2020-07-10T15:00:00Z","2020-07-10T15:30:00Z",,,,,,,,1,,,,,,1
"2020-07-10T15:30:00Z","2020-07-10T16:00:00Z",,,,,,,,1,,,,,,1
"2020-07-10T16:00:00Z","2020-07-10T16:30:00Z",,,,,,,,1,,,,,,1
"2020-07-10T16:30:00Z","2020-07-10T17:00:00Z",,,,,,,,1,,,,,,1
"2020-07-10T17:00:00Z","2020-07-10T17:30:00Z",,,,,,,,1,,,,,,1
"2020-07-10T17:30:00Z","2020-07-10T18:00:00Z",,,,,,,,1,,,,,,1
"2020-07-10T18:00:00Z","2020-07-10T18:30:00Z",,,,,,,,1,,,,,,1
"2020-07-10T18:30:00Z","2020-07-10T19:00:00Z",,,,,,,,1,,,,,,1
"2020-07-10T19:00:00Z","2020-07-10T19:30:00Z",,,,,,,,1,,,,,,1
"2020-07-10T19:30:00Z","2020-07-10T20:00:00Z",,,,,,,,1,,,,,,1
"2020-07-10T20:00:00Z","2020-07-10T20:30:00Z",,,,,,,,1,,,,,,1
"2020-07-10T20:30:00Z","2020-07-10T21:00:00Z",,,,,,,,1,,,,,,1
"2020-07-10T21:00:00Z","2020-07-10T21:30:00Z",,,,,,,,1,,,,,,1
"2020-07-10T21:30:00Z","2020-07-10T22:00:00Z",,,,,,,,1,,,,,,1
"2020-07-10T22:00:00Z","2020-07-10T22:30:00Z",,,,,,,,1,,,,,,1
"2020-07-10T22:30:00Z","2020-07-10T23:00:00Z",,,,,,,,1,,,,,,1
"2020-07-10T23:00:00Z","2020-07-10T23:30:00Z",,,,,,,,1,,,,,,1
"2020-07-10T23:30:00Z","2020-07-11T00:00:00Z",,,,,,,,1,,,,,,1
"2020-07-11T00:00:00Z","2020-07-11T00:30:00Z",,,,,,,,1,,,,,,1
"2020-07-11T00:30:00Z","2020-07-11T01:00:00Z",,,,,,,,1,,,,,,1
"2020-07-11T01:00:00Z","2020-07-11T01:30:00Z",,,,,,,,1,,,,,,1
"2020-07-11T01:30:00Z","2020-07-11T02:00:00Z",,,,,,,,1,,,,,,1
"2020-07-11T02:00:00Z","2020-07-11T02:30:00Z",,,,,,,,1,,,,,,1
"2020-07-11T02:30:00Z","2020-07-11T03:00:00Z",,,,,,,,1,,,,,,1
"2020-07-11T03:00:00Z","2020-07-11T03:30:00Z",,,,,,,,1,,,,,,1
"2020-07-11T03:30:00Z","2020-07-11T04:00:00Z",,,,,,,,1,,,,,,1
"2020-07-11T04:00:00Z","2020-07-11T04:30:00Z",,,,,,,,1,,,,,,1
"2020-07-11T04:30:00Z","2020-07-11T05:00:00Z",,,,,,,,1,,,,,,1
"2020-07-11T05:00:00Z","2020-07-11T05:30:00Z",,,,,,,,1,,,,,,1
"2020-07-11T05:30:00Z","2020-07-11T06:00:00Z",,,,,,,,1,,,,,,1
"2020-07-11T06:00:00Z","2020-07-11T06:30:00Z",,,,,,,,1,,,,,,1
"2020-07-11T06:30:00Z","2020-07-11T07:00:00Z",,,,,,,,1,,,,,,1
"2020-07-11T07:00:00Z","2020-07-11T07:30:00Z",,,,,,,,1,,,,,,1
"2020-07-11T07:30:00Z","2020-07-11T08:00:00Z",,,,,,,,1,,,,,,1
"2020-07-11T08:00:00Z","2020-07-11T08:30:00Z",,,,,,,,1,,,,,,1
"2020-07-11T08:30:00Z","2020-07-11T09:00:00Z",,,,,,,,1,,,,,,1
"2020-07-11T09:00:00Z","2020-07-11T09:30:00Z",,,,,,,,1,,,,,,1
"2020-07-11T09:30:00Z","2020-07-11T10:00:00Z",,,,,,,,1,,,,,,1
"2020-07-11T10:00:00Z","2020-07-11T10:30:00Z",,,,,,,,1,,,,,,1
"2020-07-11T10:30:00Z","2020-07-11T11:00:00Z",,,,,,,,1,,,,,,1
"2020-07-11T11:00:00Z","2020-07-11T11:30:00Z",,,,,,,,1,,,,,,1
"2020-07-11T11:30:00Z","2020-07-11T12:00:00Z",,,,,,,,1,,,,,,1
"2020-07-11T12:00:00Z","2020-07-11T12:30:00Z",,,,,,,,1,,,,,,1
"2020-07-11T12:30:00Z","2020-07-11T13:00:00Z",,,,,,,,1,,,,,,1
"2020-07-11T13:00:00Z","2020-07-11T13:30:00Z",,,,,,,,1,,,,,,1
"2020-07-11T13:30:00Z","2020-07-11T14:00:00Z",,,,,,,,1,,,,,,1
"2020-07-11T14:00:00Z","2020-07-11T14:30:00Z",,,,,,,,1,,,,,,1
"2020-07-11T14:30:00Z","2020-07-11T15:00:00Z",,,,,,,,1,,,,,,1
"2020-07-11T15:00:00Z","2020-07-11T15:30:00Z",,,,,,,,1,,,,,,1
"2020-07-11T15:30:00Z","2020-07-11T16:00:00Z",,,,,,,,1,,,,,,1
"2020-07-11T16:00:00Z","2020-07-11T16:30:00Z",,,,,,,,1,,,,,,1
"2020-07-11T16:30:00Z","2020-07-11T17:00:00Z",,,,,,,,1,,,,,,1
"2020-07-11T17:00:00Z","2020-07-11T17:30:00Z",,,,,,,,1,,,,,,1
"2020-07-11T17:30:00Z","2020-07-11T18:00:00Z",,,,,,,,1,,,,,,1
"2020-07-11T18:00:00Z","2020-07-11T18:30:00Z",,,,,,,,1,,,,,,1
"2020-07-11T18:30:00Z","2020-07-11T19:00:00Z",,,,,,,,1,,,,,,1
"2020-07-11T19:00:00Z","2020-07-11T19:30:00Z",,,,,,,,1,,,,,,1
"2020-07-11T19:30:00Z","2020-07-11T20:00:00Z",,,,,,,,1,,,,,,1
"2020-07-11T20:00:00Z","2020-07-11T20:30:00Z",,,,,,,,1,,,,,,1
"2020-07-11T20:30:00Z","2020-07-11T21:00:00Z",,,,,,,,1,,,,,,1
"2020-07-11T21:00:00Z","2020-07-11T21:30:00Z",,,,,,,,1,,,,,,1
"2020-07-11T21:30:00Z","2020-07-11T22:00:00Z",,,,,,,,1,,,,,,1
"2020-07-11T22:00:00Z","2020-07-11T22:30:00Z",,,,,,,,1,,,,,,1
"2020-07-11T22:30:00Z","2020-07-11T23:00:00Z",,,,,,,,1,,,,,,1
"2020-07-11T23:00:00Z","2020-07-11T23:30:00Z",,,,,,,,1,,,,,,1
"2020-07-11T23:30:00Z","2020-07-12T00:00:00Z",,,,,,,,1,,,,,,1
"2020-07-12T00:00:00Z","2020-07-12T00:30:00Z",,,,,,,,1,,,,,,1
"2020-07-12T00:30:00Z","2020-07-12T01:00:00Z",,,,,,,,1,,,,,,1
"2020-07-12T01:00:00Z","2020-07-12T01:30:00Z",,,,,,,,1,,,,,,1
"2020-07-12T01:30:00Z","2020-07-12T02:00:00Z",,,,,,,,1,,,,,,1
"2020-07-12T02:00:00Z","2020-07-12T02:30:00Z",,,,,,,,1,,,,,,1
"2020-07-12T02:30:00Z","2020-07-12T03:00:00Z",,,,,,,,1,,,,,,1
"2020-07-12T03:00:00Z","2020-07-12T03:30:00Z",,,,,,,,1,,,,,,1
"2020-07-12T03:30:00Z","2020-07-12T04:00:00Z",,,,,,,,1,,,,,,1
"2020-07-12T04:00:00Z","2020-07-12T04:30:00Z",,,,,,,,1,,,,,,1
"2020-07-12T04:30:00Z","2020-07-12T05:00:00Z",,,,,,,,1,,,,,,1
"2020-07-12T05:00:00Z","2020-07-12T05:30:00Z",,,,,,,,1,,,,,,1
"2020-07-12T05:30:00Z","2020-07-12T06:00:00Z",,,,,,,,1,,,,,,1
"2020-07-12T06:00:00Z","2020-07-12T06:30:00Z",,,,,,,,1,,,,,,1
"2020-07-12T06:30:00Z","2020-07-12T07:00:00Z",,,,,,,,1,,,,,,1
"2020-07-12T07:00:00Z","2020-07-12T07:30:00Z",,,,,,,,1,,,,,,1
"2020-07-12T07:30:00Z","2020-07-12T08:00:00Z",,,,,,,,1,,,,,,1
"2020-07-12T08:00:00Z","2020-07-12T08:30:00Z",,,,,,,,1,,,,,,1
"2020-07-12T08:30:00Z","2020-07-12T09:00:00Z",,,,,,,,1,,,,,,1
"2020-07-12T09:00:00Z","2020-07-12T09:30:00Z",,,,,,,,1,,,,,,1
"2020-07-12T09:30:00Z","2020-07-12T10:00:00Z",,,,,,,,1,,,,,,1
"2020-07-12T10:00:00Z","2020-07-12T10:30:00Z",,,,,,,,1,,,,,,1
"2020-07-12T10:30:00Z","2020-07-12T11:00:00Z",,,,,,,,1,,,,,,1
"2020-07-12T11:00:00Z","2020-07-12T11:30:00Z",,,,,,,,1,,,,,,1
"2020-07-12T11:30:00Z","2020-07-12T12:00:00Z",,,,,,,,1,,,,,,1
"2020-07-12T12:00:00Z","2020-07-12T12:30:00Z",,,,,,,,1,,,,,,1
"2020-07-12T12:30:00Z","2020-07-12T13:00:00Z",,,,,,,,1,,,,,,1
"2020-07-12T13:00:00Z","2020-07-12T13:30:00Z",,,,,,,,1,,,,,,1
"2020-07-12T13:30:00Z","2020-07-12T14:00:00Z",,,,,,,,1,,,,,,1
"2020-07-12T14:00:00Z","2020-07-12T14:30:00Z",,,,,,,,1,,,,,,1
"2020-07-12T14:30:00Z","2020-07-12T15:00:00Z",,,,,,,,1,,,,,,1
"2020-07-12T15:00:00Z","2020-07-12T15:30:00Z",,,,,,,,1,,,,,,1
"2020-07-12T15:30:00Z","2020-07-12T16:00:00Z",,,,,,,,1,,,,,,1
"2020-07-12T16:00:00Z","2020-07-12T16:30:00Z",,,,,,,,1,,,,,,1
"2020-07-12T16:30:00Z","2020-07-12T17:00:00Z",,,,,,,,1,,,,,,1
"2020-07-12T17:00:00Z","2020-07-12T17:30:00Z",,,,,,,,1,,,,,,1
"2020-07-12T17:30:00Z","2020-07-12T18:00:00Z",,,,,,,,1,,,,,,1
"2020-07-12T18:00:00Z","2020-07-12T18:30:00Z",,,,,,,,1,,,,,,1
"2020-07-12T18:30:00Z","2020-07-12T19:00:00Z",,,,,,,,1,,,,,,1
"2020-07-12T19:00:00Z","2020-07-12T19:30:00Z",,,,,,,,1,,,,,,1
"2020-07-12T19:30:00Z","2020-07-12T20:00:00Z",,,,,,,,1,,,,,,1
"2020-07-12T20:00:00Z","2020-07-12T20:30:00Z",,,,,,,,1,,,,,,1
"2020-07-12T20:30:00Z","2020-07-12T21:00:00Z",,,,,,,,1,,,,,,1
"2020-07-12T21:00:00Z","2020-07-12T21:30:00Z",,,,,,,,1,,,,,,1
"2020-07-12T21:30:00Z","2020-07-12T22:00:00Z",,,,,,,,1,,,,,,1
"2020-07-12T22:00:00Z","2020-07-12T22:30:00Z",,,,,,,,1,,,,,,1
"2020-07-12T22:30:00Z","2020-07-12T23:00:00Z",,,,,,,,1,,,,,,1
"2020-07-12T23:00:00Z","2020-07-12T23:30:00Z",,,,,,,,1,,,,,,1
"2020-07-12T23:30:00Z","2020-07-13T00:00:00Z",,,,,,,,1,,,,,,1
"2020-07-13T00:00:00Z","2020-07-13T00:30:00Z",,,,,,,,1,,,,,,1
"2020-07-13T00:30:00Z","2020-07-13T01:00:00Z",,,,,,,,1,,,,,,1
"2020-07-13T01:00:00Z","2020-07-13T01:30:00Z",,,,,,,,1,,,,,,1
"2020-07-13T01:30:00Z","2020-07-13T02:00:00Z",,,,,,,,1,,,,,,1
"2020-07-13T02:00:00Z","2020-07-13T02:30:00Z",,,,,,,,1,,,,,,1
"2020-07-13T02:30:00Z","2020-07-13T03:00:00Z",,,,,,,,1,,,,,,1
"2020-07-13T03:00:00Z","2020-07-13T03:30:00Z",,,,,,,,1,,,,,,1
"2020-07-13T03:30:00Z","2020-07-13T04:00:00Z",,,,,,,,1,,,,,,1
"2020-07-13T04:00:00Z","2020-07-13T04:30:00Z",,,,,,,,1,,,,,,1
"2020-07-13T04:30:00Z","2020-07-13T05:00:00Z",,,,,,,,1,,,,,,1
"2020-07-13T05:00:00Z","2020-07-13T05:30:00Z",,,,,,,,1,,,,,,1
"2020-07-13T05:30:00Z","2020-07-13T06:00:00Z",,,,,,,,1,,,,,,1
"2020-07-13T06:00:00Z","2020-07-13T06:30:00Z",,,,,,,,1,,,,,,1
"2020-07-13T06:30:00Z","2020-07-13T07:00:00Z",,,,,,,,1,,,,,,1
"2020-07-13T07:00:00Z","2020-07-13T07:30:00Z",,,,,,,,1,,,,,,1
"2020-07-13T07:30:00Z","2020-07-13T08:00:00Z",,,,,,,,1,,,,,,1
"2020-07-13T08:00:00Z","2020-07-13T08:30:00Z",,,,,,,,1,,,,,,1
"2020-07-13T08:30:00Z","2020-07-13T09:00:00Z",,,,,,,,1,,,,,,1
"2020-07-13T09:00:00Z","2020-07-13T09:30:00Z",,,,,,,,1,,,,,,1
"2020-07-13T09:30:00Z","2020-07-13T10:00:00Z",,,,,,,,1,,,,,,1
"2020-07-13T10:00:00Z","2020-07-13T10:30:00Z",,,,,,,,1,,,,,,1
"2020-07-13T10:30:00Z","2020-07-13T11:00:00Z",,,,,,,,1,,,,,,1
"2020-07-13T11:00:00Z","2020-07-13T11:30:00Z",,,,,,,,1,,,,,,1
"2020-07-13T11:30:00Z","2020-07-13T12:00:00Z",,,,,,,,1,,,,,,1
"2020-07-13T12:00:00Z","2020-07-13T12:30:00Z",,,,,,,,1,,,,,,1
"2020-07-13T12:30:00Z","2020-07-13T13:00:00Z",,,,,,,,1,,,,,,1
"2020-07-13T13:00:00Z","2020-07-13T13:30:00Z",,,,,,,,1,,,,,,1
"2020-07-13T13:30:00Z","2020-07-13T14:00:00Z",,,,,,,,1,,,,,,1
"2020-07-13T14:00:00Z","2020-07-13T14:30:00Z",,,,,,,,1,,,,,,1
"2020-07-13T14:30:00Z","2020-07-13T15:00:00Z",,,,,,,,1,,,,,,1
"2020-07-13T15:00:00Z","2020-07-13T15:30:00Z",,,,,,,,1,,,,,,1
"2020-07-13T15:30:00Z","2020-07-13T16:00:00Z",,,,,,,,1,,,,,,1
"2020-07-13T16:00:00Z","2020-07-13T16:30:00Z",,,,,,,,1,,,,,,1
"2020-07-13T16:30:00Z","2020-07-13T17:00:00Z",,,,,,,,1,,,,,,1
"2020-07-13T17:00:00Z","2020-07-13T17:30:00Z",,,,,,,,1,,,,,,1
"2020-07-13T17:30:00Z","2020-07-13T18:00:00Z",,,,,,,,1,,,,,,1
"2020-07-13T18:00:00Z","2020-07-13T18:30:00Z",,,,,,,,1,,,,,,1
"2020-07-13T18:30:00Z","2020-07-13T19:00:00Z",,,,,,,,1,,,,,,1
"2020-07-13T19:00:00Z","2020-07-13T19:30:00Z",,,,,,,,1,,,,,,1
"2020-07-13T19:30:00Z","2020-07-13T20:00:00Z",,,,,,,,1,,,,,,1
"2020-07-13T20:00:00Z","2020-07-13T20:30:00Z",,,,,,,,1,,,,,,1
"2020-07-13T20:30:00Z","2020-07-13T21:00:00Z",,,,,,,,1,,,,,,1
"2020-07-13T21:00:00Z","2020-07-13T21:30:00Z",,,,,,,,1,,,,,,1
"2020-07-13T21:30:00Z","2020-07-13T22:00:00Z",,,,,,,,1,,,,,,1
"2020-07-13T22:00:00Z","2020-07-13T22:30:00Z",,,,,,,,1,,,,,,1
"2020-07-13T22:30:00Z","2020-07-13T23:00:00Z",,,,,,,,1,,,,,,1
"2020-07-13T23:00:00Z","2020-07-13T23:30:00Z",,,,,,,,1,,,,,,1
"2020-07-13T23:30:00Z","2020-07-14T00:00:00Z",,,,,,,,1,,,,,,1
"2020-07-14T00:00:00Z","2020-07-14T00:30:00Z",,,,,,,,1,,,,,,1
"2020-07-14T00:30:00Z","2020-07-14T01:00:00Z",,,,,,,,1,,,,,,1
"2020-07-14T01:00:00Z","2020-07-14T01:30:00Z",,,,,,,,1,,,,,,1
"2020-07-14T01:30:00Z","2020-07-14T02:00:00Z",,,,,,,,1,,,,,,1
"2020-07-14T02:00:00Z","2020-07-14T02:30:00Z",,,,,,,,1,,,,,,1
"2020-07-14T02:30:00Z","2020-07-14T03:00:00Z",,,,,,,,1,,,,,,1
"2020-07-14T03:00:00Z","2020-07-14T03:30:00Z",,,,,,,,1,,,,,,1
"2020-07-14T03:30:00Z","2020-07-14T04:00:00Z",,,,,,,,1,,,,,,1
"2020-07-14T04:00:00Z","2020-07-14T04:30:00Z",,,,,,,,1,,,,,,1
"2020-07-14T04:30:00Z","2020-07-14T05:00:00Z",,,,,,,,1,,,,,,1
"2020-07-14T05:00:00Z","2020-07-14T05:30:00Z",,,,,,,,1,,,,,,1
"2020-07-14T05:30:00Z","2020-07-14T06:00:00Z",,,,,,,,1,,,,,,1
"2020-07-14T06:00:00Z","2020-07-14T06:30:00Z",,,,,,,,1,,,,,,1
"2020-07-14T06:30:00Z","2020-07-14T07:00:00Z",,,,,,,,1,,,,,,1
"2020-07-14T07:00:00Z","2020-07-14T07:30:00Z",,,,,,,,1,,,,,,1
"2020-07-14T07:30:00Z","2020-07-14T08:00:00Z",,,,,,,,1,,,,,,1
"2020-07-14T08:00:00Z","2020-07-14T08:30:00Z",,,,,,,,1,,,,,,1
"2020-07-14T08:30:00Z","2020-07-14T09:00:00Z",,,,,,,,1,,,,,,1
"2020-07-14T09:00:00Z","2020-07-14T09:30:00Z",,,,,,,,1,,,,,,1
"2020-07-14T09:30:00Z","2020-07-14T10:00:00Z",,,,,,,,1,,,,,,1
"2020-07-14T10:00:00Z","2020-07-14T10:30:00Z",,,,,,,,1,,,,,,1
"2020-07-14T10:30:00Z","2020-07-14T11:00:00Z",,,,,,,,1,,,,,,1
"2020-07-14T11:00:00Z","2020-07-14T11:30:00Z",,,,,,,,1,,,,,,1
"2020-07-14T11:30:00Z","2020-07-14T12:00:00Z",,,,,,,,1,,,,,,1
"2020-07-14T12:00:00Z","2020-07-14T12:30:00Z",,,,,,,,1,,,,,,1
"2020-07-14T12:30:00Z","2020-07-14T13:00:00Z",,,,,,,,1,,,,,,1
"2020-07-14T13:00:00Z","2020-07-14T13:30:00Z",,,,,,,,1,,,,,,1
"2020-07-14T13:30:00Z","2020-07-14T14:00:00Z",,,,,,,,1,,,,,,1
"2020-07-14T14:00:00Z","2020-07-14T14:30:00Z",,,,,,,,1,,,,,,1
"2020-07-14T14:30:00Z","2020-07-14T15:00:00Z",,,,,,,,1,,,,,,1
"2020-07-14T15:00:00Z","2020-07-14T15:30:00Z",,,,,,,,1,,,,,,1
"2020-07-14T15:30:00Z","2020-07-14T16:00:00Z",,,,,,,,1,,,,,,1
"2020-07-14T16:00:00Z","2020-07-14T16:30:00Z",,,,,,,,1,,,,,,1
"2020-07-14T16:30:00Z","2020-07-14T17:00:00Z",,,,,,,,1,,,,,,1
"2020-07-14T17:00:00Z","2020-07-14T17:30:00Z",,,,,,,,1,,,,,,1
"2020-07-14T17:30:00Z","2020-07-14T18:00:00Z",,,,,,,,1,,,,,,1
"2020-07-14T18:00:00Z","2020-07-14T18:30:00Z",,,,,,,,1,,,,,,1
"2020-07-14T18:30:00Z","2020-07-14T19:00:00Z",,,,,,,,1,,,,,,1
"2020-07-14T19:00:00Z","2020-07-14T19:30:00Z",,,,,,,,1,,,,,,1
"2020-07-14T19:30:00Z","2020-07-14T20:00:00Z",,,,,,,,1,,,,,,1
"2020-07-14T20:00:00Z","2020-07-14T20:30:00Z",,,,,,,,1,,,,,,1
"2020-07-14T20:30:00Z","2020-07-14T21:00:00Z",,,,,,,,1,,,,,,1
"2020-07-14T21:00:00Z","2020-07-14T21:30:00Z",,,,,,,,1,,,,,,1
"2020-07-14T21:30:00Z","2020-07-14T22:00:00Z",,,,,,,,1,,,,,,1
"2020-07-14T22:00:00Z","2020-07-14T22:30:00Z",,,,,,,,1,,,,,,1
"2020-07-14T22:30:00Z","2020-07-14T23:00:00Z",,,,,,,,1,,,,,,1
"2020-07-14T23:00:00Z","2020-07-14T23:30:00Z",,,,,,,,1,,,,,,1
"2020-07-14T23:30:00Z","2020-07-15T00:00:00Z",,,,,,,,1,,,,,,1
"2020-07-15T00:00:00Z","2020-07-15T00:30:00Z",,,,,,,,1,,,,,,1
"2020-07-15T00:30:00Z","2020-07-15T01:00:00Z",,,,,,,,1,,,,,,1
"2020-07-15T01:00:00Z","2020-07-15T01:30:00Z",,,,,,,,1,,,,,,1
"2020-07-15T01:30:00Z","2020-07-15T02:00:00Z",,,,,,,,1,,,,,,1
"2020-07-15T02:00:00Z","2020-07-15T02:30:00Z",,,,,,,,1,,,,,,1
"2020-07-15T02:30:00Z","2020-07-15T03:00:00Z",,,,,,,,1,,,,,,1
"2020-07-15T03:00:00Z","2020-07-15T03:30:00Z",,,,,,,,1,,,,,,1
"2020-07-15T03:30:00Z","2020-07-15T04:00:00Z",,,,,,,,1,,,,,,1
"2020-07-15T04:00:00Z","2020-07-15T04:30:00Z",,,,,,,,1,,,,,,1
"2020-07-15T04:30:00Z","2020-07-15T05:00:00Z",,,,,,,,1,,,,,,1
"2020-07-15T05:00:00Z","2020-07-15T05:30:00Z",,,,,,,,1,,,,,,1
"2020-07-15T05:30:00Z","2020-07-15T06:00:00Z",,,,,,,,1,,,,,,1
"2020-07-15T06:00:00Z","2020-07-15T06:30:00Z",,,,,,,,1,,,,,,1
"2020-07-15T06:30:00Z","2020-07-15T07:00:00Z",,,,,,,,1,,,,,,1
"2020-07-15T07:00:00Z","2020-07-15T07:30:00Z",,,,,,,,1,,,,,,1
"2020-07-15T07:30:00Z","2020-07-15T08:00:00Z",,,,,,,,1,,,,,,1
"2020-07-15T08:00:00Z","2020-07-15T08:30:00Z",,,,,,,,1,,,,,,1
"2020-07-15T08:30:00Z","2020-07-15T09:00:00Z",,,,,,,,1,,,,,,1
"2020-07-15T09:00:00Z","2020-07-15T09:30:00Z",,,,,,,,1,,,,,,1
"2020-07-15T09:30:00Z","2020-07-15T10:00:00Z",,,,,,,,1,,,,,,1
"2020-07-15T10:00:00Z","2020-07-15T10:30:00Z",,,,,,,,1,,,,,,1
"2020-07-15T10:30:00Z","2020-07-15T11:00:00Z",,,,,,,,1,,,,,,1
"2020-07-15T11:00:00Z","2020-07-15T11:30:00Z",,,,,,,,1,,,,,,1
"2020-07-15T11:30:00Z","2020-07-15T12:00:00Z",,,,,,,,1,,,,,,1
"2020-07-15T12:00:00Z","2020-07-15T12:30:00Z",,,,,,,,1,,,,,,1
"2020-07-15T12:30:00Z","2020-07-15T13:00:00Z",,,,,,,,1,,,,,,1
"2020-07-15T13:00:00Z","2020-07-15T13:30:00Z",,,,,,,,1,,,,,,1
"2020-07-15T13:30:00Z","2020-07-15T14:00:00Z",,,,,,,,1,,,,,,1
"2020-07-15T14:00:00Z","2020-07-15T14:30:00Z",,,,,,,,1,,,,,,1
"2020-07-15T14:30:00Z","2020-07-15T15:00:00Z",,,,,,,,1,,,,,,1
"2020-07-15T15:00:00Z","2020-07-15T15:30:00Z",,,,,,,,1,,,,,,1
"2020-07-15T15:30:00Z","2020-07-15T16:00:00Z",,,,,,,,1,,,,,,1
"2020-07-15T16:00:00Z","2020-07-15T16:30:00Z",,,,,,,,1,,,,,,1
"2020-07-15T16:30:00Z","2020-07-15T17:00:00Z",,,,,,,,1,,,,,,1
"2020-07-15T17:00:00Z","2020-07-15T17:30:00Z",,,,,,,,1,,,,,,1
"2020-07-15T17:30:00Z","2020-07-15T18:00:00Z",,,,,,,,1,,,,,,1
"2020-07-15T18:00:00Z","2020-07-15T18:30:00Z",,,,,,,,1,,,,,,1
"2020-07-15T18:30:00Z","2020-07-15T19:00:00Z",,,,,,,,1,,,,,,1
"2020-07-15T19:00:00Z","2020-07-15T19:30:00Z",,,,,,,,1,,,,,,1
"2020-07-15T19:30:00Z","2020-07-15T20:00:00Z",,,,,,,,1,,,,,,1
"2020-07-15T20:00:00Z","2020-07-15T20:30:00Z",,,,,,,,1,,,,,,1
"2020-07-15T20:30:00Z","2020-07-15T21:00:00Z",,,,,,,,1,,,,,,1
"2020-07-15T21:00:00Z","2020-07-15T21:30:00Z",,,,,,,,1,,,,,,1
"2020-07-15T21:30:00Z","2020-07-15T22:00:00Z",,,,,,,,1,,,,,,1
"2020-07-15T22:00:00Z","2020-07-15T22:30:00Z",,,,,,,,1,,,,,,1
"2020-07-15T22:30:00Z","2020-07-15T23:00:00Z",,,,,,,,1,,,,,,1
"2020-07-15T23:00:00Z","2020-07-15T23:30:00Z",,,,,,,,1,,,,,,1
"2020-07-15T23:30:00Z","2020-07-16T00:00:00Z",,,,,,,,1,,,,,,1
"2020-07-16T00:00:00Z","2020-07-16T00:30:00Z",,,,,,,,1,,,,,,1
"2020-07-16T00:30:00Z","2020-07-16T01:00:00Z",,,,,,,,1,,,,,,1
"2020-07-16T01:00:00Z","2020-07-16T01:30:00Z",,,,,,,,1,,,,,,1
"2020-07-16T01:30:00Z","2020-07-16T02:00:00Z",,,,,,,,1,,,,,,1
"2020-07-16T02:00:00Z","2020-07-16T02:30:00Z",,,,,,,,1,,,,,,1
"2020-07-16T02:30:00Z","2020-07-16T03:00:00Z",,,,,,,,1,,,,,,1
"2020-07-16T03:00:00Z","2020-07-16T03:30:00Z",,,,,,,,1,,,,,,1
"2020-07-16T03:30:00Z","2020-07-16T04:00:00Z",,,,,,,,1,,,,,,1
"2020-07-16T04:00:00Z","2020-07-16T04:30:00Z",,,,,,,,1,,,,,,1
"2020-07-16T04:30:00Z","2020-07-16T05:00:00Z",,,,,,,,1,,,,,,1
"2020-07-16T05:00:00Z","2020-07-16T05:30:00Z",,,,,,,,1,,,,,,1
"2020-07-16T05:30:00Z","2020-07-16T06:00:00Z",,,,,,,,1,,,,,,1
"2020-07-16T06:00:00Z","2020-07-16T06:30:00Z",,,,,,,,1,,,,,,1
"2020-07-16T06:30:00Z","2020-07-16T07:00:00Z",,,,,,,,1,,,,,,1
"2020-07-16T07:00:00Z","2020-07-16T07:30:00Z",,,,,,,,1,,,,,,1
"2020-07-16T07:30:00Z","2020-07-16T08:00:00Z",,,,,,,,1,,,,,,1
"2020-07-16T08:00:00Z","2020-07-16T08:30:00Z",,,,,,,,1,,,,,,1
"2020-07-16T08:30:00Z","2020-07-16T09:00:00Z",,,,,,,,1,,,,,,1
"2020-07-16T09:00:00Z","2020-07-16T09:30:00Z",,,,,,,,1,,,,,,1
"2020-07-16T09:30:00Z","2020-07-16T10:00:00Z",,,,,,,,1,,,,,,1
"2020-07-16T10:00:00Z","2020-07-16T10:30:00Z",,,,,,,,1,,,,,,1
"2020-07-16T10:30:00Z","2020-07-16T11:00:00Z",,,,,,,,1,,,,,,1
"2020-07-16T11:00:00Z","2020-07-16T11:30:00Z",,,,,,,,1,,,,,,1
"2020-07-16T11:30:00Z","2020-07-16T12:00:00Z",,,,,,,,1,,,,,,1
"2020-07-16T12:00:00Z","2020-07-16T12:30:00Z",,,,,,,,1,,,,,,1
"2020-07-16T12:30:00Z","2020-07-16T13:00:00Z",,,,,,,,1,,,,,,1
"2020-07-16T13:00:00Z","2020-07-16T13:30:00Z",,,,,,,,1,,,,,,1
"2020-07-16T13:30:00Z","2020-07-16T14:00:00Z",,,,,,,,1,,,,,,1
"2020-07-16T14:00:00Z","2020-07-16T14:30:00Z",,,,,,,,1,,,,,,1
"2020-07-16T14:30:00Z","2020-07-16T15:00:00Z",,,,,,,,1,,,,,,1
"2020-07-16T15:00:00Z","2020-07-16T15:30:00Z",,,,,,,,1,,,,,,1
"2020-07-16T15:30:00Z","2020-07-16T16:00:00Z",,,,,,,,1,,,,,,1
"2020-07-16T16:00:00Z","2020-07-16T16:30:00Z",,,,,,,,1,,,,,,1
"2020-07-16T16:30:00Z","2020-07-16T17:00:00Z",,,,,,,,1,,,,,,1
"2020-07-16T17:00:00Z","2020-07-16T17:30:00Z",,,,,,,,1,,,,,,1
"2020-07-16T17:30:00Z","2020-07-16T18:00:00Z",,,,,,,,1,,,,,,1
"2020-07-16T18:00:00Z","2020-07-16T18:30:00Z",,,,,,,,1,,,,,,1
"2020-07-16T18:30:00Z","2020-07-16T19:00:00Z",,,,,,,,1,,,,,,1
"2020-07-16T19:00:00Z","2020-07-16T19:30:00Z",,,,,,,,1,,,,,,1
"2020-07-16T19:30:00Z","2020-07-16T20:00:00Z",,,,,,,,1,,,,,,1
"2020-07-16T20:00:00Z","2020-07-16T20:30:00Z",,,,,,,,1,,,,,,1
"2020-07-16T20:30:00Z","2020-07-16T21:00:00Z",,,,,,,,1,,,,,,1
"2020-07-16T21:00:00Z","2020-07-16T21:30:00Z",,,,,,,,1,,,,,,1
"2020-07-16T21:30:00Z","2020-07-16T22:00:00Z",,,,,,,,1,,,,,,1
"2020-07-16T22:00:00Z","2020-07-16T22:30:00Z",,,,,,,,1,,,,,,1
"2020-07-16T22:30:00Z","2020-07-16T23:00:00Z",,,,,,,,1,,,,,,1
"2020-07-16T23:00:00Z","2020-07-16T23:30:00Z",,,,,,,,1,,,,,,1
"2020-07-16T23:30:00Z","2020-07-17T00:00:00Z",,,,,,,,1,,,,,,1
"2020-07-17T00:00:00Z","2020-07-17T00:30:00Z",,,,,,,,1,,,,,,1
"2020-07-17T00:30:00Z","2020-07-17T01:00:00Z",,,,,,,,1,,,,,,1
"2020-07-17T01:00:00Z","2020-07-17T01:30:00Z",,,,,,,,1,,,,,,1
"2020-07-17T01:30:00Z","2020-07-17T02:00:00Z",,,,,,,,1,,,,,,1
"2020-07-17T02:00:00Z","2020-07-17T02:30:00Z",,,,,,,,1,,,,,,1
"2020-07-17T02:30:00Z","2020-07-17T03:00:00Z",,,,,,,,1,,,,,,1
"2020-07-17T03:00:00Z","2020-07-17T03:30:00Z",,,,,,,,1,,,,,,1
"2020-07-17T03:30:00Z","2020-07-17T04:00:00Z",,,,,,,,1,,,,,,1
"2020-07-17T04:00:00Z","2020-07-17T04:30:00Z",,,,,,,,1,,,,,,1
"2020-07-17T04:30:00Z","2020-07-17T05:00:00Z",,,,,,,,1,,,,,,1
"2020-07-17T05:00:00Z","2020-07-17T05:30:00Z",,,,,,,,1,,,,,,1
"2020-07-17T05:30:00Z","2020-07-17T06:00:00Z",,,,,,,,1,,,,,,1
"2020-07-17T06:00:00Z","2020-07-17T06:30:00Z",,,,,,,,1,,,,,,1
"2020-07-17T06:30:00Z","2020-07-17T07:00:00Z",,,,,,,,1,,,,,,1
"2020-07-17T07:00:00Z","2020-07-17T07:30:00Z",,,,,,,,1,,,,,,1
"2020-07-17T07:30:00Z","2020-07-17T08:00:00Z",,,,,,,,1,,,,,,1
"2020-07-17T08:00:00Z","2020-07-17T08:30:00Z",,,,,,,,1,,,,,,1
"2020-07-17T08:30:00Z","2020-07-17T09:00:00Z",,,,,,,,1,,,,,,1
"2020-07-17T09:00:00Z","2020-07-17T09:30:00Z",,,,,,,,1,,,,,,1
"2020-07-17T09:30:00Z","2020-07-17T10:00:00Z",,,,,,,,1,,,,,,1
"2020-07-17T10:00:00Z","2020-07-17T10:30:00Z",,,,,,,,1,,,,,,1
"2020-07-17T10:30:00Z","2020-07-17T11:00:00Z",,,,,,,,1,,,,,,1
"2020-07-17T11:00:00Z","2020-07-17T11:30:00Z",,,,,,,,1,,,,,,1
"2020-07-17T11:30:00Z","2020-07-17T12:00:00Z",,,,,,,,1,,,,,,1
"2020-07-17T12:00:00Z","2020-07-17T12:30:00Z",,,,,,,,1,,,,,,1
"2020-07-17T12:30:00Z","2020-07-17T13:00:00Z",,,,,,,,1,,,,,,1
"2020-07-17T13:00:00Z","2020-07-17T13:30:00Z",,,,,,,,1,,,,,,1
"2020-07-17T13:30:00Z","2020-07-17T14:00:00Z",,,,,,,,1,,,,,,1
"2020-07-17T14:00:00Z","2020-07-17T14:30:00Z",,,,,,,,1,,,,,,1
"2020-07-17T14:30:00Z","2020-07-17T15:00:00Z",,,,,,,,1,,,,,,1
"2020-07-17T15:00:00Z","2020-07-17T15:30:00Z",,,,,,,,1,,,,,,1
"2020-07-17T15:30:00Z","2020-07-17T16:00:00Z",,,,,,,,1,,,,,,1
"2020-07-17T16:00:00Z","2020-07-17T16:30:00Z",,,,,,,,1,,,,,,1
"2020-07-17T16:30:00Z","2020-07-17T17:00:00Z",,,,,,,,1,,,,,,1
"2020-07-17T17:00:00Z","2020-07-17T17:30:00Z",,,,,,,,1,,,,,,1
"2020-07-17T17:30:00Z","2020-07-17T18:00:00Z",,,,,,,,1,,,,,,1
"2020-07-17T18:00:00Z","2020-07-17T18:30:00Z",,,,,,,,1,,,,,,1
"2020-07-17T18:30:00Z","2020-07-17T19:00:00Z",,,,,,,,1,,,,,,1
"2020-07-17T19:00:00Z","2020-07-17T19:30:00Z",,,,,,,,1,,,,,,1
"2020-07-17T19:30:00Z","2020-07-17T20:00:00Z",,,,,,,,1,,,,,,1
"2020-07-17T20:00:00Z","2020-07-17T20:30:00Z",,,,,,,,1,,,,,,1
"2020-07-17T20:30:00Z","2020-07-17T21:00:00Z",,,,,,,,1,,,,,,1
"2020-07-17T21:00:00Z","2020-07-17T21:30:00Z",,,,,,,,1,,,,,,1
"2020-07-17T21:30:00Z","2020-07-17T22:00:00Z",,,,,,,,1,,,,,,1
"2020-07-17T22:00:00Z","2020-07-17T22:30:00Z",,,,,,,,1,,,,,,1
"2020-07-17T22:30:00Z","2020-07-17T23:00:00Z",,,,,,,,1,,,,,,1
"2020-07-17T23:00:00Z","2020-07-17T23:30:00Z",,,,,,,,1,,,,,,1
"2020-07-17T23:30:00Z","2020-07-18T00:00:00Z",,,,,,,,1,,,,,,1
"2020-07-18T00:00:00Z","2020-07-18T00:30:00Z",,,,,,,,1,,,,,,1
"2020-07-18T00:30:00Z","2020-07-18T01:00:00Z",,,,,,,,1,,,,,,1
"2020-07-18T01:00:00Z","2020-07-18T01:30:00Z",,,,,,,,1,,,,,,1
"2020-07-18T01:30:00Z","2020-07-18T02:00:00Z",,,,,,,,1,,,,,,1
"2020-07-18T02:00:00Z","2020-07-18T02:30:00Z",,,,,,,,1,,,,,,1
"2020-07-18T02:30:00Z","2020-07-18T03:00:00Z",,,,,,,,1,,,,,,1
"2020-07-18T03:00:00Z","2020-07-18T03:30:00Z",,,,,,,,1,,,,,,1
"2020-07-18T03:30:00Z","2020-07-18T04:00:00Z",,,,,,,,1,,,,,,1
"2020-07-18T04:00:00Z","2020-07-18T04:30:00Z",,,,,,,,1,,,,,,1
"2020-07-18T04:30:00Z","2020-07-18T05:00:00Z",,,,,,,,1,,,,,,1
"2020-07-18T05:00:00Z","2020-07-18T05:30:00Z",,,,,,,,1,,,,,,1
"2020-07-18T05:30:00Z","2020-07-18T06:00:00Z",,,,,,,,1,,,,,,1
"2020-07-18T06:00:00Z","2020-07-18T06:30:00Z",,,,,,,,1,,,,,,1
"2020-07-18T06:30:00Z","2020-07-18T07:00:00Z",,,,,,,,1,,,,,,1
"2020-07-18T07:00:00Z","2020-07-18T07:30:00Z",,,,,,,,1,,,,,,1
"2020-07-18T07:30:00Z","2020-07-18T08:00:00Z",,,,,,,,1,,,,,,1
"2020-07-18T08:00:00Z","2020-07-18T08:30:00Z",,,,,,,,1,,,,,,1
"2020-07-18T08:30:00Z","2020-07-18T09:00:00Z",,,,,,,,1,,,,,,1
"2020-07-18T09:00:00Z","2020-07-18T09:30:00Z",,,,,,,,1,,,,,,1
"2020-07-18T09:30:00Z","2020-07-18T10:00:00Z",,,,,,,,1,,,,,,1
"2020-07-18T10:00:00Z","2020-07-18T10:30:00Z",,,,,,,,1,,,,,,1
"2020-07-18T10:30:00Z","2020-07-18T11:00:00Z",,,,,,,,1,,,,,,1
"2020-07-18T11:00:00Z","2020-07-18T11:30:00Z",,,,,,,,1,,,,,,1
"2020-07-18T11:30:00Z","2020-07-18T12:00:00Z",,,,,,,,1,,,,,,1
"2020-07-18T12:00:00Z","2020-07-18T12:30:00Z",,,,,,,,1,,,,,,1
"2020-07-18T12:30:00Z","2020-07-18T13:00:00Z",,,,,,,,1,,,,,,1
"2020-07-18T13:00:00Z","2020-07-18T13:30:00Z",,,,,,,,1,,,,,,1
"2020-07-18T13:30:00Z","2020-07-18T14:00:00Z",,,,,,,,1,,,,,,1
"2020-07-18T14:00:00Z","2020-07-18T14:30:00Z",,,,,,,,1,,,,,,1
"2020-07-18T14:30:00Z","2020-07-18T15:00:00Z",,,,,,,,1,,,,,,1
"2020-07-18T15:00:00Z","2020-07-18T15:30:00Z",,,,,,,,1,,,,,,1
"2020-07-18T15:30:00Z","2020-07-18T16:00:00Z",,,,,,,,1,,,,,,1
"2020-07-18T16:00:00Z","2020-07-18T16:30:00Z",,,,,,,,1,,,,,,1
"2020-07-18T16:30:00Z","2020-07-18T17:00:00Z",,,,,,,,1,,,,,,1
"2020-07-18T17:00:00Z","2020-07-18T17:30:00Z",,,,,,,,1,,,,,,1
"2020-07-18T17:30:00Z","2020-07-18T18:00:00Z",,,,,,,,1,,,,,,1
"2020-07-18T18:00:00Z","2020-07-18T18:30:00Z",,,,,,,,1,,,,,,1
"2020-07-18T18:30:00Z","2020-07-18T19:00:00Z",,,,,,,,1,,,,,,1
"2020-07-18T19:00:00Z","2020-07-18T19:30:00Z",,,,,,,,1,,,,,,1
"2020-07-18T19:30:00Z","2020-07-18T20:00:00Z",,,,,,,,1,,,,,,1
"2020-07-18T20:00:00Z","2020-07-18T20:30:00Z",,,,,,,,1,,,,,,1
"2020-07-18T20:30:00Z","2020-07-18T21:00:00Z",,,,,,,,1,,,,,,1
"2020-07-18T21:00:00Z","2020-07-18T21:30:00Z",,,,,,,,1,,,,,,1
"2020-07-18T21:30:00Z","2020-07-18T22:00:00Z",,,,,,,,1,,,,,,1
"2020-07-18T22:00:00Z","2020-07-18T22:30:00Z",,,,,,,,1,,,,,,1
"2020-07-18T22:30:00Z","2020-07-18T23:00:00Z",,,,,,,,1,,,,,,1
"2020-07-18T23:00:00Z","2020-07-18T23:30:00Z",,,,,,,,1,,,,,,1
"2020-07-18T23:30:00Z","2020-07-19T00:00:00Z",,,,,,,,1,,,,,,1
"2020-07-19T00:00:00Z","2020-07-19T00:30:00Z",,,,,,,,1,,,,,,1
"2020-07-19T00:30:00Z","2020-07-19T01:00:00Z",,,,,,,,1,,,,,,1
"2020-07-19T01:00:00Z","2020-07-19T01:30:00Z",,,,,,,,1,,,,,,1
"2020-07-19T01:30:00Z","2020-07-19T02:00:00Z",,,,,,,,1,,,,,,1
"2020-07-19T02:00:00Z","2020-07-19T02:30:00Z",,,,,,,,1,,,,,,1
"2020-07-19T02:30:00Z","2020-07-19T03:00:00Z",,,,,,,,1,,,,,,1
"2020-07-19T03:00:00Z","2020-07-19T03:30:00Z",,,,,,,,1,,,,,,1
"2020-07-19T03:30:00Z","2020-07-19T04:00:00Z",,,,,,,,1,,,,,,1
"2020-07-19T04:00:00Z","2020-07-19T04:30:00Z",,,,,,,,1,,,,,,1
"2020-07-19T04:30:00Z","2020-07-19T05:00:00Z",,,,,,,,1,,,,,,1
"2020-07-19T05:00:00Z","2020-07-19T05:30:00Z",,,,,,,,1,,,,,,1
"2020-07-19T05:30:00Z","2020-07-19T06:00:00Z",,,,,,,,1,,,,,,1
"2020-07-19T06:00:00Z","2020-07-19T06:30:00Z",,,,,,,,1,,,,,,1
"2020-07-19T06:30:00Z","2020-07-19T07:00:00Z",,,,,,,,1,,,,,,1
"2020-07-19T07:00:00Z","2020-07-19T07:30:00Z",,,,,,,,1,,,,,,1
"2020-07-19T07:30:00Z","2020-07-19T08:00:00Z",,,,,,,,1,,,,,,1
"2020-07-19T08:00:00Z","2020-07-19T08:30:00Z",,,,,,,,1,,,,,,1
"2020-07-19T08:30:00Z","2020-07-19T09:00:00Z",,,,,,,,1,,,,,,1
"2020-07-19T09:00:00Z","2020-07-19T09:30:00Z",,,,,,,,1,,,,,,1
"2020-07-19T09:30:00Z","2020-07-19T10:00:00Z",,,,,,,,1,,,,,,1
"2020-07-19T10:00:00Z","2020-07-19T10:30:00Z",,,,,,,,1,,,,,,1
"2020-07-19T10:30:00Z","2020-07-19T11:00:00Z",,,,,,,,1,,,,,,1
"2020-07-19T11:00:00Z","2020-07-19T11:30:00Z",,,,,,,,1,,,,,,1
"2020-07-19T11:30:00Z","2020-07-19T12:00:00Z",,,,,,,,1,,,,,,1
"2020-07-19T12:00:00Z","2020-07-19T12:30:00Z",,,,,,,,1,,,,,,1
"2020-07-19T12:30:00Z","2020-07-19T13:00:00Z",,,,,,,,1,,,,,,1
"2020-07-19T13:00:00Z","2020-07-19T13:30:00Z",,,,,,,,1,,,,,,1
"2020-07-19T13:30:00Z","2020-07-19T14:00:00Z",,,,,,,,1,,,,,,1
"2020-07-19T14:00:00Z","2020-07-19T14:30:00Z",,,,,,,,1,,,,,,1
"2020-07-19T14:30:00Z","2020-07-19T15:00:00Z",,,,,,,,1,,,,,,1
"2020-07-19T15:00:00Z","2020-07-19T15:30:00Z",,,,,,,,1,,,,,,1
"2020-07-19T15:30:00Z","2020-07-19T16:00:00Z",,,,,,,,1,,,,,,1
"2020-07-19T16:00:00Z","2020-07-19T16:30:00Z",,,,,,,,1,,,,,,1
"2020-07-19T16:30:00Z","2020-07-19T17:00:00Z",,,,,,,,1,,,,,,1
"2020-07-19T17:00:00Z","2020-07-19T17:30:00Z",,,,,,,,1,,,,,,1
"2020-07-19T17:30:00Z","2020-07-19T18:00:00Z",,,,,,,,1,,,,,,1
"2020-07-19T18:00:00Z","2020-07-19T18:30:00Z",,,,,,,,1,,,,,,1
"2020-07-19T18:30:00Z","2020-07-19T19:00:00Z",,,,,,,,1,,,,,,1
"2020-07-19T19:00:00Z","2020-07-19T19:30:00Z",,,,,,,,1,,,,,,1
"2020-07-19T19:30:00Z","2020-07-19T20:00:00Z",,,,,,,,1,,,,,,1
"2020-07-19T20:00:00Z","2020-07-19T20:30:00Z",,,,,,,,1,,,,,,1
"2020-07-19T20:30:00Z","2020-07-19T21:00:00Z",,,,,,,,1,,,,,,1
"2020-07-19T21:00:00Z","2020-07-19T21:30:00Z",,,,,,,,1,,,,,,1
"2020-07-19T21:30:00Z","2020-07-19T22:00:00Z",,,,,,,,1,,,,,,1
"2020-07-19T22:00:00Z","2020-07-19T22:30:00Z",,,,,,,,1,,,,,,1
"2020-07-19T22:30:00Z","2020-07-19T23:00:00Z",,,,,,,,1,,,,,,1
"2020-07-19T23:00:00Z","2020-07-19T23:30:00Z",,,,,,,,1,,,,,,1
"2020-07-19T23:30:00Z","2020-07-20T00:00:00Z",,,,,,,,1,,,,,,1
"2020-07-20T00:00:00Z","2020-07-20T00:30:00Z",,,,,,,,1,,,,,,1
"2020-07-20T00:30:00Z","2020-07-20T01:00:00Z",,,,,,,,1,,,,,,1
"2020-07-20T01:00:00Z","2020-07-20T01:30:00Z",,,,,,,,1,,,,,,1
"2020-07-20T01:30:00Z","2020-07-20T02:00:00Z",,,,,,,,1,,,,,,1
"2020-07-20T02:00:00Z","2020-07-20T02:30:00Z",,,,,,,,1,,,,,,1
"2020-07-20T02:30:00Z","2020-07-20T03:00:00Z",,,,,,,,1,,,,,,1
"2020-07-20T03:00:00Z","2020-07-20T03:30:00Z",,,,,,,,1,,,,,,1
"2020-07-20T03:30:00Z","2020-07-20T04:00:00Z",,,,,,,,1,,,,,,1
"2020-07-20T04:00:00Z","2020-07-20T04:30:00Z",,,,,,,,1,,,,,,1
"2020-07-20T04:30:00Z","2020-07-20T05:00:00Z",,,,,,,,1,,,,,,1
"2020-07-20T05:00:00Z","2020-07-20T05:30:00Z",,,,,,,,1,,,,,,1
"2020-07-20T05:30:00Z","2020-07-20T06:00:00Z",,,,,,,,1,,,,,,1
"2020-07-20T06:00:00Z","2020-07-20T06:30:00Z",,,,,,,,1,,,,,,1
"2020-07-20T06:30:00Z","2020-07-20T07:00:00Z",,,,,,,,1,,,,,,1
"2020-07-20T07:00:00Z","2020-07-20T07:30:00Z",,,,,,,,1,,,,,,1
"2020-07-20T07:30:00Z","2020-07-20T08:00:00Z",,,,,,,,1,,,,,,1
"2020-07-20T08:00:00Z","2020-07-20T08:30:00Z",,,,,,,,1,,,,,,1
"2020-07-20T08:30:00Z","2020-07-20T09:00:00Z",,,,,,,,1,,,,,,1
"2020-07-20T09:00:00Z","2020-07-20T09:30:00Z",,,,,,,,1,,,,,,1
"2020-07-20T09:30:00Z","2020-07-20T10:00:00Z",,,,,,,,1,,,,,,1
"2020-07-20T10:00:00Z","2020-07-20T10:30:00Z",,,,,,,,1,,,,,,1
"2020-07-20T10:30:00Z","2020-07-20T11:00:00Z",,,,,,,,1,,,,,,1
"2020-07-20T11:00:00Z","2020-07-20T11:30:00Z",,,,,,,,1,,,,,,1
"2020-07-20T11:30:00Z","2020-07-20T12:00:00Z",,,,,,,,1,,,,,,1
"2020-07-20T12:00:00Z","2020-07-20T12:30:00Z",,,,,,,,1,,,,,,1
"2020-07-20T12:30:00Z","2020-07-20T13:00:00Z",,,,,,,,1,,,,,,1
"2020-07-20T13:00:00Z","2020-07-20T13:30:00Z",,,,,,,,1,,,,,,1
"2020-07-20T13:30:00Z","2020-07-20T14:00:00Z",,,,,,,,1,,,,,,1
"2020-07-20T14:00:00Z","2020-07-20T14:30:00Z",,,,,,,,1,,,,,,1
"2020-07-20T14:30:00Z","2020-07-20T15:00:00Z",,,,,,,,1,,,,,,1
"2020-07-20T15:00:00Z","2020-07-20T15:30:00Z",,,,,,,,1,,,,,,1
"2020-07-20T15:30:00Z","2020-07-20T16:00:00Z",,,,,,,,1,,,,,,1
"2020-07-20T16:00:00Z","2020-07-20T16:30:00Z",,,,,,,,1,,,,,,1
"2020-07-20T16:30:00Z","2020-07-20T17:00:00Z",,,,,,,,1,,,,,,1
"2020-07-20T17:00:00Z","2020-07-20T17:30:00Z",,,,,,,,1,,,,,,1
"2020-07-20T17:30:00Z","2020-07-20T18:00:00Z",,,,,,,,1,,,,,,1
"2020-07-20T18:00:00Z","2020-07-20T18:30:00Z",,,,,,,,1,,,,,,1
"2020-07-20T18:30:00Z","2020-07-20T19:00:00Z",,,,,,,,1,,,,,,1
"2020-07-20T19:00:00Z","2020-07-20T19:30:00Z",,,,,,,,1,,,,,,1
"2020-07-20T19:30:00Z","2020-07-20T20:00:00Z",,,,,,,,1,,,,,,1
"2020-07-20T20:00:00Z","2020-07-20T20:30:00Z",,,,,,,,1,,,,,,1
"2020-07-20T20:30:00Z","2020-07-20T21:00:00Z",,,,,,,,1,,,,,,1
"2020-07-20T21:00:00Z","2020-07-20T21:30:00Z",,,,,,,,1,,,,,,1
"2020-07-20T21:30:00Z","2020-07-20T22:00:00Z",,,,,,,,1,,,,,,1
"2020-07-20T22:00:00Z","2020-07-20T22:30:00Z",,,,,,,,1,,,,,,1
"2020-07-20T22:30:00Z","2020-07-20T23:00:00Z",,,,,,,,1,,,,,,1
"2020-07-20T23:00:00Z","2020-07-20T23:30:00Z",,,,,,,,1,,,,,,1
"2020-07-20T23:30:00Z","2020-07-21T00:00:00Z",,,,,,,,1,,,,,,1
"2020-07-21T00:00:00Z","2020-07-21T00:30:00Z",,,,,,,,1,,,,,,1
"2020-07-21T00:30:00Z","2020-07-21T01:00:00Z",,,,,,,,1,,,,,,1
"2020-07-21T01:00:00Z","2020-07-21T01:30:00Z",,,,,,,,1,,,,,,1
"2020-07-21T01:30:00Z","2020-07-21T02:00:00Z",,,,,,,,1,,,,,,1
"2020-07-21T02:00:00Z","2020-07-21T02:30:00Z",,,,,,,,1,,,,,,1
"2020-07-21T02:30:00Z","2020-07-21T03:00:00Z",,,,,,,,1,,,,,,1
"2020-07-21T03:00:00Z","2020-07-21T03:30:00Z",,,,,,,,1,,,,,,1
"2020-07-21T03:30:00Z","2020-07-21T04:00:00Z",,,,,,,,1,,,,,,1
"2020-07-21T04:00:00Z","2020-07-21T04:30:00Z",,,,,,,,1,,,,,,1
"2020-07-21T04:30:00Z","2020-07-21T05:00:00Z",,,,,,,,1,,,,,,1
"2020-07-21T05:00:00Z","2020-07-21T05:30:00Z",,,,,,,,1,,,,,,1
"2020-07-21T05:30:00Z","2020-07-21T06:00:00Z",,,,,,,,1,,,,,,1
"2020-07-21T06:00:00Z","2020-07-21T06:30:00Z",,,,,,,,1,,,,,,1
"2020-07-21T06:30:00Z","2020-07-21T07:00:00Z",,,,,,,,1,,,,,,1
"2020-07-21T07:00:00Z","2020-07-21T07:30:00Z",,,,,,,,1,,,,,,1
"2020-07-21T07:30:00Z","2020-07-21T08:00:00Z",,,,,,,,1,,,,,,1
"2020-07-21T08:00:00Z","2020-07-21T08:30:00Z",,,,,,,,1,,,,,,1
"2020-07-21T08:30:00Z","2020-07-21T09:00:00Z",,,,,,,,1,,,,,,1
"2020-07-21T09:00:00Z","2020-07-21T09:30:00Z",,,,,,,,1,,,,,,1
"2020-07-21T09:30:00Z","2020-07-21T10:00:00Z",,,,,,,,1,,,,,,1
"2020-07-21T10:00:00Z","2020-07-21T10:30:00Z",,,,,,,,1,,,,,,1
"2020-07-21T10:30:00Z","2020-07-21T11:00:00Z",,,,,,,,1,,,,,,1
"2020-07-21T11:00:00Z","2020-07-21T11:30:00Z",,,,,,,,1,,,,,,1
"2020-07-21T11:30:00Z","2020-07-21T12:00:00Z",,,,,,,,1,,,,,,1
"2020-07-21T12:00:00Z","2020-07-21T12:30:00Z",,,,,,,,1,,,,,,1
"2020-07-21T12:30:00Z","2020-07-21T13:00:00Z",,,,,,,,1,,,,,,1
"2020-07-21T13:00:00Z","2020-07-21T13:30:00Z",,,,,,,,1,,,,,,1
"2020-07-21T13:30:00Z","2020-07-21T14:00:00Z",,,,,,,,1,,,,,,1
"2020-07-21T14:00:00Z","2020-07-21T14:30:00Z",,,,,,,,1,,,,,,1
"2020-07-21T14:30:00Z","2020-07-21T15:00:00Z",,,,,,,,1,,,,,,1
"2020-07-21T15:00:00Z","2020-07-21T15:30:00Z",,,,,,,,1,,,,,,1
"2020-07-21T15:30:00Z","2020-07-21T16:00:00Z",,,,,,,,1,,,,,,1
"2020-07-21T16:00:00Z","2020-07-21T16:30:00Z",,,,,,,,1,,,,,,1
"2020-07-21T16:30:00Z","2020-07-21T17:00:00Z",,,,,,,,1,,,,,,1
"2020-07-21T17:00:00Z","2020-07-21T17:30:00Z",,,,,,,,1,,,,,,1
"2020-07-21T17:30:00Z","2020-07-21T18:00:00Z",,,,,,,,1,,,,,,1
"2020-07-21T18:00:00Z","2020-07-21T18:30:00Z",,,,,,,,1,,,,,,1
"2020-07-21T18:30:00Z","2020-07-21T19:00:00Z",,,,,,,,1,,,,,,1
"2020-07-21T19:00:00Z","2020-07-21T19:30:00Z",,,,,,,,1,,,,,,1
"2020-07-21T19:30:00Z","2020-07-21T20:00:00Z",,,,,,,,1,,,,,,1
"2020-07-21T20:00:00Z","2020-07-21T20:30:00Z",,,,,,,,1,,,,,,1
"2020-07-21T20:30:00Z","2020-07-21T21:00:00Z",,,,,,,,1,,,,,,1
"2020-07-21T21:00:00Z","2020-07-21T21:30:00Z",,,,,,,,1,,,,,,1
"2020-07-21T21:30:00Z","2020-07-21T22:00:00Z",,,,,,,,1,,,,,,1
"2020-07-21T22:00:00Z","2020-07-21T22:30:00Z",,,,,,,,1,,,,,,1
"2020-07-21T22:30:00Z","2020-07-21T23:00:00Z",,,,,,,,1,,,,,,1
"2020-07-21T23:00:00Z","2020-07-21T23:30:00Z",,,,,,,,1,,,,,,1
"2020-07-21T23:30:00Z","2020-07-22T00:00:00Z",,,,,,,,1,,,,,,1
"2020-07-22T00:00:00Z","2020-07-22T00:30:00Z",,,,,,,,1,,,,,,1
"2020-07-22T00:30:00Z","2020-07-22T01:00:00Z",,,,,,,,1,,,,,,1
"2020-07-22T01:00:00Z","2020-07-22T01:30:00Z",,,,,,,,1,,,,,,1
"2020-07-22T01:30:00Z","2020-07-22T02:00:00Z",,,,,,,,1,,,,,,1
"2020-07-22T02:00:00Z","2020-07-22T02:30:00Z",,,,,,,,1,,,,,,1
"2020-07-22T02:30:00Z","2020-07-22T03:00:00Z",,,,,,,,1,,,,,,1
"2020-07-22T03:00:00Z","2020-07-22T03:30:00Z",,,,,,,,1,,,,,,1
"2020-07-22T03:30:00Z","2020-07-22T04:00:00Z",,,,,,,,1,,,,,,1
"2020-07-22T04:00:00Z","2020-07-22T04:30:00Z",,,,,,,,1,,,,,,1
"2020-07-22T04:30:00Z","2020-07-22T05:00:00Z",,,,,,,,1,,,,,,1
"2020-07-22T05:00:00Z","2020-07-22T05:30:00Z",,,,,,,,1,,,,,,1
"2020-07-22T05:30:00Z","2020-07-22T06:00:00Z",,,,,,,,1,,,,,,1
"2020-07-22T06:00:00Z","2020-07-22T06:30:00Z",,,,,,,,1,,,,,,1
"2020-07-22T06:30:00Z","2020-07-22T07:00:00Z",,,,,,,,1,,,,,,1
"2020-07-22T07:00:00Z","2020-07-22T07:30:00Z",,,,,,,,1,,,,,,1
"2020-07-22T07:30:00Z","2020-07-22T08:00:00Z",,,,,,,,1,,,,,,1
"2020-07-22T08:00:00Z","2020-07-22T08:30:00Z",,,,,,,,1,,,,,,1
"2020-07-22T08:30:00Z","2020-07-22T09:00:00Z",,,,,,,,1,,,,,,1
"2020-07-22T09:00:00Z","2020-07-22T09:30:00Z",,,,,,,,1,,,,,,1
"2020-07-22T09:30:00Z","2020-07-22T10:00:00Z",,,,,,,,1,,,,,,1
"2020-07-22T10:00:00Z","2020-07-22T10:30:00Z",,,,,,,,1,,,,,,1
"2020-07-22T10:30:00Z","2020-07-22T11:00:00Z",,,,,,,,1,,,,,,1
"2020-07-22T11:00:00Z","2020-07-22T11:30:00Z",,,,,,,,1,,,,,,1
"2020-07-22T11:30:00Z","2020-07-22T12:00:00Z",,,,,,,,1,,,,,,1
"2020-07-22T12:00:00Z","2020-07-22T12:30:00Z",,,,,,,,1,,,,,,1
"2020-07-22T12:30:00Z","2020-07-22T13:00:00Z",,,,,,,,1,,,,,,1
"2020-07-22T13:00:00Z","2020-07-22T13:30:00Z",,,,,,,,1,,,,,,1
"2020-07-22T13:30:00Z","2020-07-22T14:00:00Z",,,,,,,,1,,,,,,1
"2020-07-22T14:00:00Z","2020-07-22T14:30:00Z",,,,,,,,1,,,,,,1
"2020-07-22T14:30:00Z","2020-07-22T15:00:00Z",,,,,,,,1,,,,,,1
"2020-07-22T15:00:00Z","2020-07-22T15:30:00Z",,,,,,,,1,,,,,,1
"2020-07-22T15:30:00Z","2020-07-22T16:00:00Z",,,,,,,,1,,,,,,1
"2020-07-22T16:00:00Z","2020-07-22T16:30:00Z",,,,,,,,1,,,,,,1
"2020-07-22T16:30:00Z","2020-07-22T17:00:00Z",,,,,,,,1,,,,,,1
"2020-07-22T17:00:00Z","2020-07-22T17:30:00Z",,,,,,,,1,,,,,,1
"2020-07-22T17:30:00Z","2020-07-22T18:00:00Z",,,,,,,,1,,,,,,1
"2020-07-22T18:00:00Z","2020-07-22T18:30:00Z",,,,,,,,1,,,,,,1
"2020-07-22T18:30:00Z","2020-07-22T19:00:00Z",,,,,,,,1,,,,,,1
"2020-07-22T19:00:00Z","2020-07-22T19:30:00Z",,,,,,,,1,,,,,,1
"2020-07-22T19:30:00Z","2020-07-22T20:00:00Z",,,,,,,,1,,,,,,1
"2020-07-22T20:00:00Z","2020-07-22T20:30:00Z",,,,,,,,1,,,,,,1
"2020-07-22T20:30:00Z","2020-07-22T21:00:00Z",,,,,,,,1,,,,,,1
"2020-07-22T21:00:00Z","2020-07-22T21:30:00Z",,,,,,,,1,,,,,,1
"2020-07-22T21:30:00Z","2020-07-22T22:00:00Z",,,,,,,,1,,,,,,1
"2020-07-22T22:00:00Z","2020-07-22T22:30:00Z",,,,,,,,1,,,,,,1
"2020-07-22T22:30:00Z","2020-07-22T23:00:00Z",,,,,,,,1,,,,,,1
"2020-07-22T23:00:00Z","2020-07-22T23:30:00Z",,,,,,,,1,,,,,,1
"2020-07-22T23:30:00Z","2020-07-23T00:00:00Z",,,,,,,,1,,,,,,1
"2020-07-23T00:00:00Z","2020-07-23T00:30:00Z",,,,,,,,1,,,,,,1
"2020-07-23T00:30:00Z","2020-07-23T01:00:00Z",,,,,,,,1,,,,,,1
"2020-07-23T01:00:00Z","2020-07-23T01:30:00Z",,,,,,,,1,,,,,,1
"2020-07-23T01:30:00Z","2020-07-23T02:00:00Z",,,,,,,,1,,,,,,1
"2020-07-23T02:00:00Z","2020-07-23T02:30:00Z",,,,,,,,1,,,,,,1
"2020-07-23T02:30:00Z","2020-07-23T03:00:00Z",,,,,,,,1,,,,,,1
"2020-07-23T03:00:00Z","2020-07-23T03:30:00Z",,,,,,,,1,,,,,,1
"2020-07-23T03:30:00Z","2020-07-23T04:00:00Z",,,,,,,,1,,,,,,1
"2020-07-23T04:00:00Z","2020-07-23T04:30:00Z",,,,,,,,1,,,,,,1
"2020-07-23T04:30:00Z","2020-07-23T05:00:00Z",,,,,,,,1,,,,,,1
"2020-07-23T05:00:00Z","2020-07-23T05:30:00Z",,,,,,,,1,,,,,,1
"2020-07-23T05:30:00Z","2020-07-23T06:00:00Z",,,,,,,,1,,,,,,1
"2020-07-23T06:00:00Z","2020-07-23T06:30:00Z",,,,,,,,1,,,,,,1
"2020-07-23T06:30:00Z","2020-07-23T07:00:00Z",,,,,,,,1,,,,,,1
"2020-07-23T07:00:00Z","2020-07-23T07:30:00Z",,,,,,,,1,,,,,,1
"2020-07-23T07:30:00Z","2020-07-23T08:00:00Z",,,,,,,,1,,,,,,1
"2020-07-23T08:00:00Z","2020-07-23T08:30:00Z",,,,,,,,1,,,,,,1
"2020-07-23T08:30:00Z","2020-07-23T09:00:00Z",,,,,,,,1,,,,,,1
"2020-07-23T09:00:00Z","2020-07-23T09:30:00Z",,,,,,,,1,,,,,,1
"2020-07-23T09:30:00Z","2020-07-23T10:00:00Z",,,,,,,,1,,,,,,1
"2020-07-23T10:00:00Z","2020-07-23T10:30:00Z",,,,,,,,1,,,,,,1
"2020-07-23T10:30:00Z","2020-07-23T11:00:00Z",,,,,,,,1,,,,,,1
"2020-07-23T11:00:00Z","2020-07-23T11:30:00Z",,,,,,,,1,,,,,,1
"2020-07-23T11:30:00Z","2020-07-23T12:00:00Z",,,,,,,,1,,,,,,1
"2020-07-23T12:00:00Z","2020-07-23T12:30:00Z",,,,,,,,1,,,,,,1
"2020-07-23T12:30:00Z","2020-07-23T13:00:00Z",,,,,,,,1,,,,,,1
"2020-07-23T13:00:00Z","2020-07-23T13:30:00Z",,,,,,,,1,,,,,,1
"2020-07-23T13:30:00Z","2020-07-23T14:00:00Z",,,,,,,,1,,,,,,1
"2020-07-23T14:00:00Z","2020-07-23T14:30:00Z",,,,,,,,1,,,,,,1
"2020-07-23T14:30:00Z","2020-07-23T15:00:00Z",,,,,,,,1,,,,,,1
"2020-07-23T15:00:00Z","2020-07-23T15:30:00Z",,,,,,,,1,,,,,,1
"2020-07-23T15:30:00Z","2020-07-23T16:00:00Z",,,,,,,,1,,,,,,1
"2020-07-23T16:00:00Z","2020-07-23T16:30:00Z",,,,,,,,1,,,,,,1
"2020-07-23T16:30:00Z","2020-07-23T17:00:00Z",,,,,,,,1,,,,,,1
"2020-07-23T17:00:00Z","2020-07-23T17:30:00Z",,,,,,,,1,,,,,,1
"2020-07-23T17:30:00Z","2020-07-23T18:00:00Z",,,,,,,,1,,,,,,1
"2020-07-23T18:00:00Z","2020-07-23T18:30:00Z",,,,,,,,1,,,,,,1
"2020-07-23T18:30:00Z","2020-07-23T19:00:00Z",,,,,,,,1,,,,,,1
"2020-07-23T19:00:00Z","2020-07-23T19:30:00Z",,,,,,,,1,,,,,,1
"2020-07-23T19:30:00Z","2020-07-23T20:00:00Z",,,,,,,,1,,,,,,1
"2020-07-23T20:00:00Z","2020-07-23T20:30:00Z",,,,,,,,1,,,,,,1
"2020-07-23T20:30:00Z","2020-07-23T21:00:00Z",,,,,,,,1,,,,,,1
"2020-07-23T21:00:00Z","2020-07-23T21:30:00Z",,,,,,,,1,,,,,,1
"2020-07-23T21:30:00Z","2020-07-23T22:00:00Z",,,,,,,,1,,,,,,1
"2020-07-23T22:00:00Z","2020-07-23T22:30:00Z",,,,,,,,1,,,,,,1
"2020-07-23T22:30:00Z","2020-07-23T23:00:00Z",,,,,,,,1,,,,,,1
"2020-07-23T23:00:00Z","2020-07-23T23:30:00Z",,,,,,,,1,,,,,,1
"2020-07-23T23:30:00Z","2020-07-24T00:00:00Z",,,,,,,,1,,,,,,1
"2020-07-24T00:00:00Z","2020-07-24T00:30:00Z",,,,,,,,1,,,,,,1
"2020-07-24T00:30:00Z","2020-07-24T01:00:00Z",,,,,,,,1,,,,,,1
"2020-07-24T01:00:00Z","2020-07-24T01:30:00Z",,,,,,,,1,,,,,,1
"2020-07-24T01:30:00Z","2020-07-24T02:00:00Z",,,,,,,,1,,,,,,1
"2020-07-24T02:00:00Z","2020-07-24T02:30:00Z",,,,,,,,1,,,,,,1
"2020-07-24T02:30:00Z","2020-07-24T03:00:00Z",,,,,,,,1,,,,,,1
"2020-07-24T03:00:00Z","2020-07-24T03:30:00Z",,,,,,,,1,,,,,,1
"2020-07-24T03:30:00Z","2020-07-24T04:00:00Z",,,,,,,,1,,,,,,1
"2020-07-24T04:00:00Z","2020-07-24T04:30:00Z",,,,,,,,1,,,,,,1
"2020-07-24T04:30:00Z","2020-07-24T05:00:00Z",,,,,,,,1,,,,,,1
"2020-07-24T05:00:00Z","2020-07-24T05:30:00Z",,,,,,,,1,,,,,,1
"2020-07-24T05:30:00Z","2020-07-24T06:00:00Z",,,,,,,,1,,,,,,1
"2020-07-24T06:00:00Z","2020-07-24T06:30:00Z",,,,,,,,1,,,,,,1
"2020-07-24T06:30:00Z","2020-07-24T07:00:00Z",,,,,,,,1,,,,,,1
"2020-07-24T07:00:00Z","2020-07-24T07:30:00Z",,,,,,,,1,,,,,,1
"2020-07-24T07:30:00Z","2020-07-24T08:00:00Z",,,,,,,,1,,,,,,1
"2020-07-24T08:00:00Z","2020-07-24T08:30:00Z",,,,,,,,1,,,,,,1
"2020-07-24T08:30:00Z","2020-07-24T09:00:00Z",,,,,,,,1,,,,,,1
"2020-07-24T09:00:00Z","2020-07-24T09:30:00Z",,,,,,,,1,,,,,,1
"2020-07-24T09:30:00Z","2020-07-24T10:00:00Z",,,,,,,,1,,,,,,1
"2020-07-24T10:00:00Z","2020-07-24T10:30:00Z",,,,,,,,1,,,,,,1
"2020-07-24T10:30:00Z","2020-07-24T11:00:00Z",,,,,,,,1,,,,,,1
"2020-07-24T11:00:00Z","2020-07-24T11:30:00Z",,,,,,,,1,,,,,,1
"2020-07-24T11:30:00Z","2020-07-24T12:00:00Z",,,,,,,,1,,,,,,1
"2020-07-24T12:00:00Z","2020-07-24T12:30:00Z",,,,,,,,1,,,,,,1
"2020-07-24T12:30:00Z","2020-07-24T13:00:00Z",,,,,,,,1,,,,,,1
"2020-07-24T13:00:00Z","2020-07-24T13:30:00Z",,,,,,,,1,,,,,,1
"2020-07-24T13:30:00Z","2020-07-24T14:00:00Z",,,,,,,,1,,,,,,1
"2020-07-24T14:00:00Z","2020-07-24T14:30:00Z",,,,,,,,1,,,,,,1
"2020-07-24T14:30:00Z","2020-07-24T15:00:00Z",,,,,,,,1,,,,,,1
"2020-07-24T15:00:00Z","2020-07-24T15:30:00Z",,,,,,,,1,,,,,,1
"2020-07-24T15:30:00Z","2020-07-24T16:00:00Z",,,,,,,,1,,,,,,1
"2020-07-24T16:00:00Z","2020-07-24T16:30:00Z",,,,,,,,1,,,,,,1
"2020-07-24T16:30:00Z","2020-07-24T17:00:00Z",,,,,,,,1,,,,,,1
"2020-07-24T17:00:00Z","2020-07-24T17:30:00Z",,,,,,,,1,,,,,,1
"2020-07-24T17:30:00Z","2020-07-24T18:00:00Z",,,,,,,,1,,,,,,1
"2020-07-24T18:00:00Z","2020-07-24T18:30:00Z",,,,,,,,1,,,,,,1
"2020-07-24T18:30:00Z","2020-07-24T19:00:00Z",,,,,,,,1,,,,,,1
"2020-07-24T19:00:00Z","2020-07-24T19:30:00Z",,,,,,,,1,,,,,,1
"2020-07-24T19:30:00Z","2020-07-24T20:00:00Z",,,,,,,,1,,,,,,1
"2020-07-24T20:00:00Z","2020-07-24T20:30:00Z",,,,,,,,1,,,,,,1
"2020-07-24T20:30:00Z","2020-07-24T21:00:00Z",,,,,,,,1,,,,,,1
"2020-07-24T21:00:00Z","2020-07-24T21:30:00Z",,,,,,,,1,,,,,,1
"2020-07-24T21:30:00Z","2020-07-24T22:00:00Z",,,,,,,,1,,,,,,1
"2020-07-24T22:00:00Z","2020-07-24T22:30:00Z",,,,,,,,1,,,,,,1
"2020-07-24T22:30:00Z","2020-07-24T23:00:00Z",,,,,,,,1,,,,,,1
"2020-07-24T23:00:00Z","2020-07-24T23:30:00Z",,,,,,,,1,,,,,,1
"2020-07-24T23:30:00Z","2020-07-25T00:00:00Z",,,,,,,,1,,,,,,1
"2020-07-25T00:00:00Z","2020-07-25T00:30:00Z",,,,,,,,1,,,,,,1
"2020-07-25T00:30:00Z","2020-07-25T01:00:00Z",,,,,,,,1,,,,,,1
"2020-07-25T01:00:00Z","2020-07-25T01:30:00Z",,,,,,,,1,,,,,,1
"2020-07-25T01:30:00Z","2020-07-25T02:00:00Z",,,,,,,,1,,,,,,1
"2020-07-25T02:00:00Z","2020-07-25T02:30:00Z",,,,,,,,1,,,,,,1
"2020-07-25T02:30:00Z","2020-07-25T03:00:00Z",,,,,,,,1,,,,,,1
"2020-07-25T03:00:00Z","2020-07-25T03:30:00Z",,,,,,,,1,,,,,,1
"2020-07-25T03:30:00Z","2020-07-25T04:00:00Z",,,,,,,,1,,,,,,1
"2020-07-25T04:00:00Z","2020-07-25T04:30:00Z",,,,,,,,1,,,,,,1
"2020-07-25T04:30:00Z","2020-07-25T05:00:00Z",,,,,,,,1,,,,,,1
"2020-07-25T05:00:00Z","2020-07-25T05:30:00Z",,,,,,,,1,,,,,,1
"2020-07-25T05:30:00Z","2020-07-25T06:00:00Z",,,,,,,,1,,,,,,1
"2020-07-25T06:00:00Z","2020-07-25T06:30:00Z",,,,,,,,1,,,,,,1
"2020-07-25T06:30:00Z","2020-07-25T07:00:00Z",,,,,,,,1,,,,,,1
"2020-07-25T07:00:00Z","2020-07-25T07:30:00Z",,,,,,,,1,,,,,,1
"2020-07-25T07:30:00Z","2020-07-25T08:00:00Z",,,,,,,,1,,,,,,1
"2020-07-25T08:00:00Z","2020-07-25T08:30:00Z",,,,,,,,1,,,,,,1
"2020-07-25T08:30:00Z","2020-07-25T09:00:00Z",,,,,,,,1,,,,,,1
"2020-07-25T09:00:00Z","2020-07-25T09:30:00Z",,,,,,,,1,,,,,,1
"2020-07-25T09:30:00Z","2020-07-25T10:00:00Z",,,,,,,,1,,,,,,1
"2020-07-25T10:00:00Z","2020-07-25T10:30:00Z",,,,,,,,1,,,,,,1
"2020-07-25T10:30:00Z","2020-07-25T11:00:00Z",,,,,,,,1,,,,,,1
"2020-07-25T11:00:00Z","2020-07-25T11:30:00Z",,,,,,,,1,,,,,,1
"2020-07-25T11:30:00Z","2020-07-25T12:00:00Z",,,,,,,,1,,,,,,1
"2020-07-25T12:00:00Z","2020-07-25T12:30:00Z",,,,,,,,1,,,,,,1
"2020-07-25T12:30:00Z","2020-07-25T13:00:00Z",,,,,,,,1,,,,,,1
"2020-07-25T13:00:00Z","2020-07-25T13:30:00Z",,,,,,,,1,,,,,,1
"2020-07-25T13:30:00Z","2020-07-25T14:00:00Z",,,,,,,,1,,,,,,1
"2020-07-25T14:00:00Z","2020-07-25T14:30:00Z",,,,,,,,1,,,,,,1
"2020-07-25T14:30:00Z","2020-07-25T15:00:00Z",,,,,,,,1,,,,,,1
"2020-07-25T15:00:00Z","2020-07-25T15:30:00Z",,,,,,,,1,,,,,,1
"2020-07-25T15:30:00Z","2020-07-25T16:00:00Z",3.16,0.00,5.92,1.90,83.00,0.34,0.15,1,350.16,1288.99,83.00,9.06,3.94,1
"2020-07-25T16:00:00Z","2020-07-25T16:30:00Z",,,,,,,,1,,,,,,1
"2020-07-25T16:30:00Z","2020-07-25T17:00:00Z",,,,,,,,1,,,,,,1
"2020-07-25T17:00:00Z","2020-07-25T17:30:00Z",,,,,,,,1,,,,,,1
"2020-07-25T17:30:00Z","2020-07-25T18:00:00Z",,,,,,,,1,,,,,,1
"2020-07-25T18:00:00Z","2020-07-25T18:30:00Z",,,,,,,,1,,,,,,1
"2020-07-25T18:30:00Z","2020-07-25T19:00:00Z",,,,,,,,1,,,,,,1
"2020-07-25T19:00:00Z","2020-07-25T19:30:00Z",,,,,,,,1,,,,,,1
"2020-07-25T19:30:00Z","2020-07-25T20:00:00Z",,,,,,,,1,,,,,,1
"2020-07-25T20:00:00Z","2020-07-25T20:30:00Z",,,,,,,,1,,,,,,1
"2020-07-25T20:30:00Z","2020-07-25T21:00:00Z",,,,,,,,1,,,,,,1
"2020-07-25T21:00:00Z","2020-07-25T21:30:00Z",,,,,,,,1,,,,,,1
"2020-07-25T21:30:00Z","2020-07-25T22:00:00Z",,,,,,,,1,,,,,,1
"2020-07-25T22:00:00Z","2020-07-25T22:30:00Z",,,,,,,,1,,,,,,1
"2020-07-25T22:30:00Z","2020-07-25T23:00:00Z",,,,,,,,1,,,,,,1
"2020-07-25T23:00:00Z","2020-07-25T23:30:00Z",,,,,,,,1,,,,,,1
"2020-07-25T23:30:00Z","2020-07-26T00:00:00Z",,,,,,,,1,,,,,,1
"2020-07-26T00:00:00Z","2020-07-26T00:30:00Z",,,,,,,,1,,,,,,1
"2020-07-26T00:30:00Z","2020-07-26T01:00:00Z",,,,,,,,1,,,,,,1
"2020-07-26T01:00:00Z","2020-07-26T01:30:00Z",,,,,,,,1,,,,,,1
"2020-07-26T01:30:00Z","2020-07-26T02:00:00Z",,,,,,,,1,,,,,,1
"2020-07-26T02:00:00Z","2020-07-26T02:30:00Z",,,,,,,,1,,,,,,1
"2020-07-26T02:30:00Z","2020-07-26T03:00:00Z",,,,,,,,1,,,,,,1
"2020-07-26T03:00:00Z","2020-07-26T03:30:00Z",,,,,,,,1,,,,,,1
"2020-07-26T03:30:00Z","2020-07-26T04:00:00Z",,,,,,,,1,,,,,,1
"2020-07-26T04:00:00Z","2020-07-26T04:30:00Z",,,,,,,,1,,,,,,1
"2020-07-26T04:30:00Z","2020-07-26T05:00:00Z",,,,,,,,1,,,,,,1
"2020-07-26T05:00:00Z","2020-07-26T05:30:00Z",,,,,,,,1,,,,,,1
"2020-07-26T05:30:00Z","2020-07-26T06:00:00Z",,,,,,,,1,,,,,,1
"2020-07-26T06:00:00Z","2020-07-26T06:30:00Z",,,,,,,,1,,,,,,1
"2020-07-26T06:30:00Z","2020-07-26T07:00:00Z",,,,,,,,1,,,,,,1
"2020-07-26T07:00:00Z","2020-07-26T07:30:00Z",,,,,,,,1,,,,,,1
"2020-07-26T07:30:00Z","2020-07-26T08:00:00Z",,,,,,,,1,,,,,,1
"2020-07-26T08:00:00Z","2020-07-26T08:30:00Z",,,,,,,,1,,,,,,1
"2020-07-26T08:30:00Z","2020-07-26T09:00:00Z",,,,,,,,1,,,,,,1
"2020-07-26T09:00:00Z","2020-07-26T09:30:00Z",,,,,,,,1,,,,,,1
"2020-07-26T09:30:00Z","2020-07-26T10:00:00Z",,,,,,,,1,,,,,,1
"2020-07-26T10:00:00Z","2020-07-26T10:30:00Z",,,,,,,,1,,,,,,1
"2020-07-26T10:30:00Z","2020-07-26T11:00:00Z",,,,,,,,1,,,,,,1
"2020-07-26T11:00:00Z","2020-07-26T11:30:00Z",,,,,,,,1,,,,,,1
"2020-07-26T11:30:00Z","2020-07-26T12:00:00Z",,,,,,,,1,,,,,,1
"2020-07-26T12:00:00Z","2020-07-26T12:30:00Z",,,,,,,,1,,,,,,1
"2020-07-26T12:30:00Z","2020-07-26T13:00:00Z",,,,,,,,1,,,,,,1
"2020-07-26T13:00:00Z","2020-07-26T13:30:00Z",,,,,,,,1,,,,,,1
"2020-07-26T13:30:00Z","2020-07-26T14:00:00Z",,,,,,,,1,,,,,,1
"2020-07-26T14:00:00Z","2020-07-26T14:30:00Z",,,,,,,,1,,,,,,1
"2020-07-26T14:30:00Z","2020-07-26T15:00:00Z",,,,,,,,1,,,,,,1
"2020-07-26T15:00:00Z","2020-07-26T15:30:00Z",,,,,,,,1,,,,,,1
"2020-07-26T15:30:00Z","2020-07-26T16:00:00Z",,,,,,,,1,,,,,,1
"2020-07-26T16:00:00Z","2020-07-26T16:30:00Z",,,,,,,,1,,,,,,1
"2020-07-26T16:30:00Z","2020-07-26T17:00:00Z",,,,,,,,1,,,,,,1
"2020-07-26T17:00:00Z","2020-07-26T17:30:00Z",,,,,,,,1,,,,,,1
"2020-07-26T17:30:00Z","2020-07-26T18:00:00Z",,,,,,,,1,,,,,,1
"2020-07-26T18:00:00Z","2020-07-26T18:30:00Z",,,,,,,,1,,,,,,1
"2020-07-26T18:30:00Z","2020-07-26T19:00:00Z",,,,,,,,1,,,,,,1
"2020-07-26T19:00:00Z","2020-07-26T19:30:00Z",,,,,,,,1,,,,,,1
"2020-07-26T19:30:00Z","2020-07-26T20:00:00Z",,,,,,,,1,,,,,,1
"2020-07-26T20:00:00Z","2020-07-26T20:30:00Z",,,,,,,,1,,,,,,1
"2020-07-26T20:30:00Z","2020-07-26T21:00:00Z",,,,,,,,1,,,,,,1
"2020-07-26T21:00:00Z","2020-07-26T21:30:00Z",,,,,,,,1,,,,,,1
"2020-07-26T21:30:00Z","2020-07-26T22:00:00Z",,,,,,,,1,,,,,,1
"2020-07-26T22:00:00Z","2020-07-26T22:30:00Z",,,,,,,,1,,,,,,1
"2020-07-26T22:30:00Z","2020-07-26T23:00:00Z",,,,,,,,1,,,,,,1
"2020-07-26T23:00:00Z","2020-07-26T23:30:00Z",,,,,,,,1,,,,,,1
"2020-07-26T23:30:00Z","2020-07-27T00:00:00Z",,,,,,,,1,,,,,,1
"2020-07-27T00:00:00Z","2020-07-27T00:30:00Z",,,,,,,,1,,,,,,1
"2020-07-27T00:30:00Z","2020-07-27T01:00:00Z",,,,,,,,1,,,,,,1
"2020-07-27T01:00:00Z","2020-07-27T01:30:00Z",,,,,,,,1,,,,,,1
"2020-07-27T01:30:00Z","2020-07-27T02:00:00Z",,,,,,,,1,,,,,,1
"2020-07-27T02:00:00Z","2020-07-27T02:30:00Z",,,,,,,,1,,,,,,1
"2020-07-27T02:30:00Z","2020-07-27T03:00:00Z",,,,,,,,1,,,,,,1
"2020-07-27T03:00:00Z","2020-07-27T03:30:00Z",,,,,,,,1,,,,,,1
"2020-07-27T03:30:00Z","2020-07-27T04:00:00Z",,,,,,,,1,,,,,,1
"2020-07-27T04:00:00Z","2020-07-27T04:30:00Z",,,,,,,,1,,,,,,1
"2020-07-27T04:30:00Z","2020-07-27T05:00:00Z",,,,,,,,1,,,,,,1
"2020-07-27T05:00:00Z","2020-07-27T05:30:00Z",,,,,,,,1,,,,,,1
"2020-07-27T05:30:00Z","2020-07-27T06:00:00Z",,,,,,,,1,,,,,,1
"2020-07-27T06:00:00Z","2020-07-27T06:30:00Z",,,,,,,,1,,,,,,1
"2020-07-27T06:30:00Z","2020-07-27T07:00:00Z",,,,,,,,1,,,,,,1
"2020-07-27T07:00:00Z","2020-07-27T07:30:00Z",,,,,,,,1,,,,,,1
"2020-07-27T07:30:00Z","2020-07-27T08:00:00Z",,,,,,,,1,,,,,,1
"2020-07-27T08:00:00Z","2020-07-27T08:30:00Z",,,,,,,,1,,,,,,1
"2020-07-27T08:30:00Z","2020-07-27T09:00:00Z",,,,,,,,1,,,,,,1
"2020-07-27T09:00:00Z","2020-07-27T09:30:00Z",,,,,,,,1,,,,,,1
"2020-07-27T09:30:00Z","2020-07-27T10:00:00Z",,,,,,,,1,,,,,,1
"2020-07-27T10:00:00Z","2020-07-27T10:30:00Z",,,,,,,,1,,,,,,1
"2020-07-27T10:30:00Z","2020-07-27T11:00:00Z",,,,,,,,1,,,,,,1
"2020-07-27T11:00:00Z","2020-07-27T11:30:00Z",,,,,,,,1,,,,,,1
"2020-07-27T11:30:00Z","2020-07-27T12:00:00Z",,,,,,,,1,,,,,,1
"2020-07-27T12:00:00Z","2020-07-27T12:30:00Z",,,,,,,,1,,,,,,1
"2020-07-27T12:30:00Z","2020-07-27T13:00:00Z",,,,,,,,1,,,,,,1
"2020-07-27T13:00:00Z","2020-07-27T13:30:00Z",,,,,,,,1,,,,,,1
"2020-07-27T13:30:00Z","2020-07-27T14:00:00Z",,,,,,,,1,,,,,,1
"2020-07-27T14:00:00Z","2020-07-27T14:30:00Z",,,,,,,,1,,,,,,1
"2020-07-27T14:30:00Z","2020-07-27T15:00:00Z",,,,,,,,1,,,,,,1
"2020-07-27T15:00:00Z","2020-07-27T15:30:00Z",,,,,,,,1,,,,,,1
"2020-07-27T15:30:00Z","2020-07-27T16:00:00Z",,,,,,,,1,,,,,,1
"2020-07-27T16:00:00Z","2020-07-27T16:30:00Z",,,,,,,,1,,,,,,1
"2020-07-27T16:30:00Z","2020-07-27T17:00:00Z",,,,,,,,1,,,,,,1
"2020-07-27T17:00:00Z","2020-07-27T17:30:00Z",,,,,,,,1,,,,,,1
"2020-07-27T17:30:00Z","2020-07-27T18:00:00Z",,,,,,,,1,,,,,,1
"2020-07-27T18:00:00Z","2020-07-27T18:30:00Z",,,,,,,,1,,,,,,1
"2020-07-27T18:30:00Z","2020-07-27T19:00:00Z",,,,,,,,1,,,,,,1
"2020-07-27T19:00:00Z","2020-07-27T19:30:00Z",,,,,,,,1,,,,,,1
"2020-07-27T19:30:00Z","2020-07-27T20:00:00Z",,,,,,,,1,,,,,,1
"2020-07-27T20:00:00Z","2020-07-27T20:30:00Z",,,,,,,,1,,,,,,1
"2020-07-27T20:30:00Z","2020-07-27T21:00:00Z",,,,,,,,1,,,,,,1
"2020-07-27T21:00:00Z","2020-07-27T21:30:00Z",,,,,,,,1,,,,,,1
"2020-07-27T21:30:00Z","2020-07-27T22:00:00Z",,,,,,,,1,,,,,,1
"2020-07-27T22:00:00Z","2020-07-27T22:30:00Z",,,,,,,,1,,,,,,1
"2020-07-27T22:30:00Z","2020-07-27T23:00:00Z",,,,,,,,1,,,,,,1
"2020-07-27T23:00:00Z","2020-07-27T23:30:00Z",,,,,,,,1,,,,,,1
"2020-07-27T23:30:00Z","2020-07-28T00:00:00Z",,,,,,,,1,,,,,,1
"2020-07-28T00:00:00Z","2020-07-28T00:30:00Z",,,,,,,,1,,,,,,1
"2020-07-28T00:30:00Z","2020-07-28T01:00:00Z",,,,,,,,1,,,,,,1
"2020-07-28T01:00:00Z","2020-07-28T01:30:00Z",,,,,,,,1,,,,,,1
"2020-07-28T01:30:00Z","2020-07-28T02:00:00Z",,,,,,,,1,,,,,,1
"2020-07-28T02:00:00Z","2020-07-28T02:30:00Z",,,,,,,,1,,,,,,1
"2020-07-28T02:30:00Z","2020-07-28T03:00:00Z",,,,,,,,1,,,,,,1
"2020-07-28T03:00:00Z","2020-07-28T03:30:00Z",,,,,,,,1,,,,,,1
"2020-07-28T03:30:00Z","2020-07-28T04:00:00Z",,,,,,,,1,,,,,,1
"2020-07-28T04:00:00Z","2020-07-28T04:30:00Z",,,,,,,,1,,,,,,1
"2020-07-28T04:30:00Z","2020-07-28T05:00:00Z",,,,,,,,1,,,,,,1
"2020-07-28T05:00:00Z","2020-07-28T05:30:00Z",,,,,,,,1,,,,,,1
"2020-07-28T05:30:00Z","2020-07-28T06:00:00Z",,,,,,,,1,,,,,,1
"2020-07-28T06:00:00Z","2020-07-28T06:30:00Z",,,,,,,,1,,,,,,1
"2020-07-28T06:30:00Z","2020-07-28T07:00:00Z",,,,,,,,1,,,,,,1
"2020-07-28T07:00:00Z","2020-07-28T07:30:00Z",,,,,,,,1,,,,,,1
"2020-07-28T07:30:00Z","2020-07-28T08:00:00Z",,,,,,,,1,,,,,,1
"2020-07-28T08:00:00Z","2020-07-28T08:30:00Z",,,,,,,,1,,,,,,1
"2020-07-28T08:30:00Z","2020-07-28T09:00:00Z",,,,,,,,1,,,,,,1
"2020-07-28T09:00:00Z","2020-07-28T09:30:00Z",,,,,,,,1,,,,,,1
"2020-07-28T09:30:00Z","2020-07-28T10:00:00Z",,,,,,,,1,,,,,,1
"2020-07-28T10:00:00Z","2020-07-28T10:30:00Z",,,,,,,,1,,,,,,1
"2020-07-28T10:30:00Z","2020-07-28T11:00:00Z",,,,,,,,1,,,,,,1
"2020-07-28T11:00:00Z","2020-07-28T11:30:00Z",,,,,,,,1,,,,,,1
"2020-07-28T11:30:00Z","2020-07-28T12:00:00Z",,,,,,,,1,,,,,,1
"2020-07-28T12:00:00Z","2020-07-28T12:30:00Z",,,,,,,,1,,,,,,1
"2020-07-28T12:30:00Z","2020-07-28T13:00:00Z",,,,,,,,1,,,,,,1
"2020-07-28T13:00:00Z","2020-07-28T13:30:00Z",,,,,,,,1,,,,,,1
"2020-07-28T13:30:00Z","2020-07-28T14:00:00Z",,,,,,,,1,,,,,,1
"2020-07-28T14:00:00Z","2020-07-28T14:30:00Z",,,,,,,,1,,,,,,1
"2020-07-28T14:30:00Z","2020-07-28T15:00:00Z",,,,,,,,1,,,,,,1
"2020-07-28T15:00:00Z","2020-07-28T15:30:00Z",,,,,,,,1,,,,,,1
"2020-07-28T15:30:00Z","2020-07-28T16:00:00Z",,,,,,,,1,,,,,,1
"2020-07-28T16:00:00Z","2020-07-28T16:30:00Z",,,,,,,,1,,,,,,1
"2020-07-28T16:30:00Z","2020-07-28T17:00:00Z",,,,,,,,1,,,,,,1
"2020-07-28T17:00:00Z","2020-07-28T17:30:00Z",,,,,,,,1,,,,,,1
"2020-07-28T17:30:00Z","2020-07-28T18:00:00Z",,,,,,,,1,,,,,,1
"2020-07-28T18:00:00Z","2020-07-28T18:30:00Z",,,,,,,,1,,,,,,1
"2020-07-28T18:30:00Z","2020-07-28T19:00:00Z",,,,,,,,1,,,,,,1
"2020-07-28T19:00:00Z","2020-07-28T19:30:00Z",,,,,,,,1,,,,,,1
"2020-07-28T19:30:00Z","2020-07-28T20:00:00Z",,,,,,,,1,,,,,,1
"2020-07-28T20:00:00Z","2020-07-28T20:30:00Z",,,,,,,,1,,,,,,1
"2020-07-28T20:30:00Z","2020-07-28T21:00:00Z",,,,,,,,1,,,,,,1
"2020-07-28T21:00:00Z","2020-07-28T21:30:00Z",,,,,,,,1,,,,,,1
"2020-07-28T21:30:00Z","2020-07-28T22:00:00Z",,,,,,,,1,,,,,,1
"2020-07-28T22:00:00Z","2020-07-28T22:30:00Z",,,,,,,,1,,,,,,1
"2020-07-28T22:30:00Z","2020-07-28T23:00:00Z",,,,,,,,1,,,,,,1
"2020-07-28T23:00:00Z","2020-07-28T23:30:00Z",,,,,,,,1,,,,,,1
"2020-07-28T23:30:00Z","2020-07-29T00:00:00Z",,,,,,,,1,,,,,,1
"2020-07-29T00:00:00Z","2020-07-29T00:30:00Z",,,,,,,,1,,,,,,1
"2020-07-29T00:30:00Z","2020-07-29T01:00:00Z",,,,,,,,1,,,,,,1
"2020-07-29T01:00:00Z","2020-07-29T01:30:00Z",,,,,,,,1,,,,,,1
"2020-07-29T01:30:00Z","2020-07-29T02:00:00Z",,,,,,,,1,,,,,,1
"2020-07-29T02:00:00Z","2020-07-29T02:30:00Z",,,,,,,,1,,,,,,1
"2020-07-29T02:30:00Z","2020-07-29T03:00:00Z",,,,,,,,1,,,,,,1
"2020-07-29T03:00:00Z","2020-07-29T03:30:00Z",,,,,,,,1,,,,,,1
"2020-07-29T03:30:00Z","2020-07-29T04:00:00Z",,,,,,,,1,,,,,,1
"2020-07-29T04:00:00Z","2020-07-29T04:30:00Z",,,,,,,,1,,,,,,1
"2020-07-29T04:30:00Z","2020-07-29T05:00:00Z",,,,,,,,1,,,,,,1
"2020-07-29T05:00:00Z","2020-07-29T05:30:00Z",,,,,,,,1,,,,,,1
"2020-07-29T05:30:00Z","2020-07-29T06:00:00Z",,,,,,,,1,,,,,,1
"2020-07-29T06:00:00Z","2020-07-29T06:30:00Z",,,,,,,,1,,,,,,1
"2020-07-29T06:30:00Z","2020-07-29T07:00:00Z",,,,,,,,1,,,,,,1
"2020-07-29T07:00:00Z","2020-07-29T07:30:00Z",,,,,,,,1,,,,,,1
"2020-07-29T07:30:00Z","2020-07-29T08:00:00Z",,,,,,,,1,,,,,,1
"2020-07-29T08:00:00Z","2020-07-29T08:30:00Z",,,,,,,,1,,,,,,1
"2020-07-29T08:30:00Z","2020-07-29T09:00:00Z",,,,,,,,1,,,,,,1
"2020-07-29T09:00:00Z","2020-07-29T09:30:00Z",,,,,,,,1,,,,,,1
"2020-07-29T09:30:00Z","2020-07-29T10:00:00Z",,,,,,,,1,,,,,,1
"2020-07-29T10:00:00Z","2020-07-29T10:30:00Z",,,,,,,,1,,,,,,1
"2020-07-29T10:30:00Z","2020-07-29T11:00:00Z",,,,,,,,1,,,,,,1
"2020-07-29T11:00:00Z","2020-07-29T11:30:00Z",,,,,,,,1,,,,,,1
"2020-07-29T11:30:00Z","2020-07-29T12:00:00Z",,,,,,,,1,,,,,,1
"2020-07-29T12:00:00Z","2020-07-29T12:30:00Z",,,,,,,,1,,,,,,1
"2020-07-29T12:30:00Z","2020-07-29T13:00:00Z",,,,,,,,1,,,,,,1
"2020-07-29T13:00:00Z","2020-07-29T13:30:00Z",,,,,,,,1,,,,,,1
"2020-07-29T13:30:00Z","2020-07-29T14:00:00Z",,,,,,,,1,,,,,,1
"2020-07-29T14:00:00Z","2020-07-29T14:30:00Z",,,,,,,,1,,,,,,1
"2020-07-29T14:30:00Z","2020-07-29T15:00:00Z",,,,,,,,1,,,,,,1
"2020-07-29T15:00:00Z","2020-07-29T15:30:00Z",,,,,,,,1,,,,,,1
"2020-07-29T15:30:00Z","2020-07-29T16:00:00Z",,,,,,,,1,,,,,,1
"2020-07-29T16:00:00Z","2020-07-29T16:30:00Z",,,,,,,,1,,,,,,1
"2020-07-29T16:30:00Z","2020-07-29T17:00:00Z",,,,,,,,1,,,,,,1
"2020-07-29T17:00:00Z","2020-07-29T17:30:00Z",,,,,,,,1,,,,,,1
"2020-07-29T17:30:00Z","2020-07-29T18:00:00Z",,,,,,,,1,,,,,,1
"2020-07-29T18:00:00Z","2020-07-29T18:30:00Z",,,,,,,,1,,,,,,1
"2020-07-29T18:30:00Z","2020-07-29T19:00:00Z",,,,,,,,1,,,,,,1
"2020-07-29T19:00:00Z","2020-07-29T19:30:00Z",,,,,,,,1,,,,,,1
"2020-07-29T19:30:00Z","2020-07-29T20:00:00Z",,,,,,,,1,,,,,,1
"2020-07-29T20:00:00Z","2020-07-29T20:30:00Z",,,,,,,,1,,,,,,1
"2020-07-29T20:30:00Z","2020-07-29T21:00:00Z",,,,,,,,1,,,,,,1
"2020-07-29T21:00:00Z","2020-07-29T21:30:00Z",,,,,,,,1,,,,,,1
"2020-07-29T21:30:00Z","2020-07-29T22:00:00Z",,,,,,,,1,,,,,,1
"2020-07-29T22:00:00Z","2020-07-29T22:30:00Z",,,,,,,,1,,,,,,1
"2020-07-29T22:30:00Z","2020-07-29T23:00:00Z",,,,,,,,1,,,,,,1
"2020-07-29T23:00:00Z","2020-07-29T23:30:00Z",,,,,,,,1,,,,,,1
"2020-07-29T23:30:00Z","2020-07-30T00:00:00Z",,,,,,,,1,,,,,,1
"2020-07-30T00:00:00Z","2020-07-30T00:30:00Z",,,,,,,,1,,,,,,1
"2020-07-30T00:30:00Z","2020-07-30T01:00:00Z",,,,,,,,1,,,,,,1
"2020-07-30T01:00:00Z","2020-07-30T01:30:00Z",,,,,,,,1,,,,,,1
"2020-07-30T01:30:00Z","2020-07-30T02:00:00Z",,,,,,,,1,,,,,,1
"2020-07-30T02:00:00Z","2020-07-30T02:30:00Z",,,,,,,,1,,,,,,1
"2020-07-30T02:30:00Z","2020-07-30T03:00:00Z",,,,,,,,1,,,,,,1
"2020-07-30T03:00:00Z","2020-07-30T03:30:00Z",,,,,,,,1,,,,,,1
"2020-07-30T03:30:00Z","2020-07-30T04:00:00Z",,,,,,,,1,,,,,,1
"2020-07-30T04:00:00Z","2020-07-30T04:30:00Z",,,,,,,,1,,,,,,1
"2020-07-30T04:30:00Z","2020-07-30T05:00:00Z",,,,,,,,1,,,,,,1
"2020-07-30T05:00:00Z","2020-07-30T05:30:00Z",,,,,,,,1,,,,,,1
"2020-07-30T05:30:00Z","2020-07-30T06:00:00Z",,,,,,,,1,,,,,,1
"2020-07-30T06:00:00Z","2020-07-30T06:30:00Z",,,,,,,,1,,,,,,1
"2020-07-30T06:30:00Z","2020-07-30T07:00:00Z",,,,,,,,1,,,,,,1
"2020-07-30T07:00:00Z","2020-07-30T07:30:00Z",,,,,,,,1,,,,,,1
"2020-07-30T07:30:00Z","2020-07-30T08:00:00Z",,,,,,,,1,,,,,,1
"2020-07-30T08:00:00Z","2020-07-30T08:30:00Z",,,,,,,,1,,,,,,1
"2020-07-30T08:30:00Z","2020-07-30T09:00:00Z",,,,,,,,1,,,,,,1
"2020-07-30T09:00:00Z","2020-07-30T09:30:00Z",,,,,,,,1,,,,,,1
"2020-07-30T09:30:00Z","2020-07-30T10:00:00Z",,,,,,,,1,,,,,,1
"2020-07-30T10:00:00Z","2020-07-30T10:30:00Z",,,,,,,,1,,,,,,1
"2020-07-30T10:30:00Z","2020-07-30T11:00:00Z",,,,,,,,1,,,,,,1
"2020-07-30T11:00:00Z","2020-07-30T11:30:00Z",,,,,,,,1,,,,,,1
"2020-07-30T11:30:00Z","2020-07-30T12:00:00Z",,,,,,,,1,,,,,,1
"2020-07-30T12:00:00Z","2020-07-30T12:30:00Z",,,,,,,,1,,,,,,1
"2020-07-30T12:30:00Z","2020-07-30T13:00:00Z",,,,,,,,1,,,,,,1
"2020-07-30T13:00:00Z","2020-07-30T13:30:00Z",,,,,,,,1,,,,,,1
"2020-07-30T13:30:00Z","2020-07-30T14:00:00Z",,,,,,,,1,,,,,,1
"2020-07-30T14:00:00Z","2020-07-30T14:30:00Z",,,,,,,,1,,,,,,1
"2020-07-30T14:30:00Z","2020-07-30T15:00:00Z",,,,,,,,1,,,,,,1
"2020-07-30T15:00:00Z","2020-07-30T15:30:00Z",,,,,,,,1,,,,,,1
"2020-07-30T15:30:00Z","2020-07-30T16:00:00Z",,,,,,,,1,,,,,,1
"2020-07-30T16:00:00Z","2020-07-30T16:30:00Z",,,,,,,,1,,,,,,1
"2020-07-30T16:30:00Z","2020-07-30T17:00:00Z",,,,,,,,1,,,,,,1
"2020-07-30T17:00:00Z","2020-07-30T17:30:00Z",,,,,,,,1,,,,,,1
"2020-07-30T17:30:00Z","2020-07-30T18:00:00Z",,,,,,,,1,,,,,,1
"2020-07-30T18:00:00Z","2020-07-30T18:30:00Z",,,,,,,,1,,,,,,1
"2020-07-30T18:30:00Z","2020-07-30T19:00:00Z",,,,,,,,1,,,,,,1
"2020-07-30T19:00:00Z","2020-07-30T19:30:00Z",,,,,,,,1,,,,,,1
"2020-07-30T19:30:00Z","2020-07-30T20:00:00Z",,,,,,,,1,,,,,,1
"2020-07-30T20:00:00Z","2020-07-30T20:30:00Z",,,,,,,,1,,,,,,1
"2020-07-30T20:30:00Z","2020-07-30T21:00:00Z",,,,,,,,1,,,,,,1
"2020-07-30T21:00:00Z","2020-07-30T21:30:00Z",,,,,,,,1,,,,,,1
"2020-07-30T21:30:00Z","2020-07-30T22:00:00Z",,,,,,,,1,,,,,,1
"2020-07-30T22:00:00Z","2020-07-30T22:30:00Z",,,,,,,,1,,,,,,1
"2020-07-30T22:30:00Z","2020-07-30T23:00:00Z",,,,,,,,1,,,,,,1
"2020-07-30T23:00:00Z","2020-07-30T23:30:00Z",,,,,,,,1,,,,,,1
"2020-07-30T23:30:00Z","2020-07-31T00:00:00Z",,,,,,,,1,,,,,,1
"2020-07-31T00:00:00Z","2020-07-31T00:30:00Z",,,,,,,,1,,,,,,1
"2020-07-31T00:30:00Z","2020-07-31T01:00:00Z",,,,,,,,1,,,,,,1
"2020-07-31T01:00:00Z","2020-07-31T01:30:00Z",,,,,,,,1,,,,,,1
"2020-07-31T01:30:00Z","2020-07-31T02:00:00Z",,,,,,,,1,,,,,,1
"2020-07-31T02:00:00Z","2020-07-31T02:30:00Z",,,,,,,,1,,,,,,1
"2020-07-31T02:30:00Z","2020-07-31T03:00:00Z",,,,,,,,1,,,,,,1
"2020-07-31T03:00:00Z","2020-07-31T03:30:00Z",,,,,,,,1,,,,,,1
"2020-07-31T03:30:00Z","2020-07-31T04:00:00Z",,,,,,,,1,,,,,,1
"2020-07-31T04:00:00Z","2020-07-31T04:30:00Z",,,,,,,,1,,,,,,1
"2020-07-31T04:30:00Z","2020-07-31T05:00:00Z",,,,,,,,1,,,,,,1
"2020-07-31T05:00:00Z","2020-07-31T05:30:00Z",,,,,,,,1,,,,,,1
"2020-07-31T05:30:00Z","2020-07-31T06:00:00Z",,,,,,,,1,,,,,,1
"2020-07-31T06:00:00Z","2020-07-31T06:30:00Z",,,,,,,,1,,,,,,1
"2020-07-31T06:30:00Z","2020-07-31T07:00:00Z",,,,,,,,1,,,,,,1
"2020-07-31T07:00:00Z","2020-07-31T07:30:00Z",,,,,,,,1,,,,,,1
"2020-07-31T07:30:00Z","2020-07-31T08:00:00Z",,,,,,,,1,,,,,,1
"2020-07-31T08:00:00Z","2020-07-31T08:30:00Z",,,,,,,,1,,,,,,1
"2020-07-31T08:30:00Z","2020-07-31T09:00:00Z",,,,,,,,1,,,,,,1
"2020-07-31T09:00:00Z","2020-07-31T09:30:00Z",,,,,,,,1,,,,,,1
"2020-07-31T09:30:00Z","2020-07-31T10:00:00Z",,,,,,,,1,,,,,,1
"2020-07-31T10:00:00Z","2020-07-31T10:30:00Z",,,,,,,,1,,,,,,1
"2020-07-31T10:30:00Z","2020-07-31T11:00:00Z",,,,,,,,1,,,,,,1
"2020-07-31T11:00:00Z","2020-07-31T11:30:00Z",,,,,,,,1,,,,,,1
"2020-07-31T11:30:00Z","2020-07-31T12:00:00Z",,,,,,,,1,,,,,,1
"2020-07-31T12:00:00Z","2020-07-31T12:30:00Z",,,,,,,,1,,,,,,1
"2020-07-31T12:30:00Z","2020-07-31T13:00:00Z",,,,,,,,1,,,,,,1
"2020-07-31T13:00:00Z","2020-07-31T13:30:00Z",,,,,,,,1,,,,,,1
"2020-07-31T13:30:00Z","2020-07-31T14:00:00Z",,,,,,,,1,,,,,,1
"2020-07-31T14:00:00Z","2020-07-31T14:30:00Z",,,,,,,,1,,,,,,1
"2020-07-31T14:30:00Z","2020-07-31T15:00:00Z",,,,,,,,1,,,,,,1
"2020-07-31T15:00:00Z","2020-07-31T15:30:00Z",,,,,,,,1,,,,,,1
"2020-07-31T15:30:00Z","2020-07-31T16:00:00Z",,,,,,,,1,,,,,,1
"2020-07-31T16:00:00Z","2020-07-31T16:30:00Z",,,,,,,,1,,,,,,1
"2020-07-31T16:30:00Z","2020-07-31T17:00:00Z",,,,,,,,1,,,,,,1
"2020-07-31T17:00:00Z","2020-07-31T17:30:00Z",,,,,,,,1,,,,,,1
"2020-07-31T17:30:00Z","2020-07-31T18:00:00Z",,,,,,,,1,,,,,,1
"2020-07-31T18:00:00Z","2020-07-31T18:30:00Z",,,,,,,,1,,,,,,1
"2020-07-31T18:30:00Z","2020-07-31T19:00:00Z",,,,,,,,1,,,,,,1
"2020-07-31T19:00:00Z","2020-07-31T19:30:00Z",,,,,,,,1,,,,,,1
"2020-07-31T19:30:00Z","2020-07-31T20:00:00Z",,,,,,,,1,,,,,,1
"2020-07-31T20:00:00Z","2020-07-31T20:30:00Z",,,,,,,,1,,,,,,1
"2020-07-31T20:30:00Z","2020-07-31T21:00:00Z",,,,,,,,1,,,,,,1
"2020-07-31T21:00:00Z","2020-07-31T21:30:00Z",,,,,,,,1,,,,,,1
"2020-07-31T21:30:00Z","2020-07-31T22:00:00Z",,,,,,,,1,,,,,,1
"2020-07-31T22:00:00Z","2020-07-31T22:30:00Z",,,,,,,,1,,,,,,1
"2020-07-31T22:30:00Z","2020-07-31T23:00:00Z",,,,,,,,1,,,,,,1
"2020-07-31T23:00:00Z","2020-07-31T23:30:00Z",,,,,,,,1,,,,,,1
"2020-07-31T23:30:00Z","2020-08-01T00:00:00Z",,,,,,,,1,,,,,,1
